{
  "number_epochs": 100000,
  "epoch_size": 2,
  "test_activate": true,
  "test_interval": 100,
  "test_win_size": 10,
  "save_interval": 10,
  "max_exec_time": 20,
  "max_exec_iter": null,
  "seed": 0,
  "cuda_deterministic": false,
  "memory_size_in_chunks": 1,
  "model_name": "DMBenchWalkerWalk-v0",
  "observation_key": "/agent",
  "gamma": 0.99,
  "num_workers": 24,
  "n_steps": 512,
  "n_update": 10,
  "batch_size": 128,
  "warm_start": 0,
  "num_mini_batches": 2,
  "agent_type": "digideep.agent.ppo.Agent",
  "use_gae": true,
  "tau": 0.95,
  "recurrent": true,
  "actor_feature_size": 64,
  "lr": 0.0003,
  "eps": 1e-05,
  "clip_param": 0.1,
  "value_loss_coef": 0.5,
  "entropy_coef": 0,
  "max_grad_norm": 0.5,
  "use_clipped_value_loss": true,
  "from_module": "digideep.environment.dmc2gym"
}