{"meta": {"epoch": 1260, "episode": 30960, "frame": 30965760, "clock": 1606697907.3789601}, "data": {"/reward/eval/episodic": {"std": 0.0, "num": 1, "min": 985.826648, "max": 985.826648, "sum": 985.826648}}}
{"meta": {"epoch": 1260, "episode": 30960, "frame": 30965760, "clock": 1606697924.4987803}, "data": {"/reward/eval/episodic": {"std": 0.0, "num": 1, "min": 986.290255, "max": 986.290255, "sum": 986.290255}}}
{"meta": {"epoch": 1260, "episode": 30960, "frame": 30965760, "clock": 1606697943.4227288}, "data": {"/reward/eval/episodic": {"std": 0.0, "num": 1, "min": 968.735475, "max": 968.735475, "sum": 968.735475}}}
{"meta": {"epoch": 1260, "episode": 30960, "frame": 30965760, "clock": 1606697961.0982087}, "data": {"/reward/eval/episodic": {"std": 0.0, "num": 1, "min": 928.879333, "max": 928.879333, "sum": 928.879333}}}
{"meta": {"epoch": 1260, "episode": 30960, "frame": 30965760, "clock": 1606697978.5607197}, "data": {"/reward/eval/episodic": {"std": 0.0, "num": 1, "min": 988.794816, "max": 988.794816, "sum": 988.794816}}}
{"meta": {"epoch": 1260, "episode": 30960, "frame": 30965760, "clock": 1606697995.9575598}, "data": {"/reward/eval/episodic": {"std": 0.0, "num": 1, "min": 959.357354, "max": 959.357354, "sum": 959.357354}}}
{"meta": {"epoch": 1260, "episode": 30960, "frame": 30965760, "clock": 1606698013.2737994}, "data": {"/reward/eval/episodic": {"std": 0.0, "num": 1, "min": 989.031415, "max": 989.031415, "sum": 989.031415}}}
{"meta": {"epoch": 1260, "episode": 30960, "frame": 30965760, "clock": 1606698030.5903075}, "data": {"/reward/eval/episodic": {"std": 0.0, "num": 1, "min": 956.231402, "max": 956.231402, "sum": 956.231402}}}
{"meta": {"epoch": 1260, "episode": 30960, "frame": 30965760, "clock": 1606698047.9171932}, "data": {"/reward/eval/episodic": {"std": 0.0, "num": 1, "min": 989.317388, "max": 989.317388, "sum": 989.317388}}}
{"meta": {"epoch": 1260, "episode": 30960, "frame": 30965760, "clock": 1606698065.5868256}, "data": {"/reward/eval/episodic": {"std": 0.0, "num": 1, "min": 38.190416, "max": 38.190416, "sum": 38.190416}}}
{"meta": {"epoch": 1260, "episode": 30960, "frame": 30965760, "clock": 1606698083.2291477}, "data": {"/reward/eval/episodic": {"std": 0.0, "num": 1, "min": 951.679431, "max": 951.679431, "sum": 951.679431}}}
{"meta": {"epoch": 1260, "episode": 30960, "frame": 30965760, "clock": 1606698101.0240798}, "data": {"/reward/eval/episodic": {"std": 0.0, "num": 1, "min": 988.667067, "max": 988.667067, "sum": 988.667067}}}
{"meta": {"epoch": 1260, "episode": 30960, "frame": 30965760, "clock": 1606698118.58173}, "data": {"/reward/eval/episodic": {"std": 0.0, "num": 1, "min": 959.917274, "max": 959.917274, "sum": 959.917274}}}
{"meta": {"epoch": 1260, "episode": 30960, "frame": 30965760, "clock": 1606698136.3008096}, "data": {"/reward/eval/episodic": {"std": 0.0, "num": 1, "min": 892.269796, "max": 892.269796, "sum": 892.269796}}}
{"meta": {"epoch": 1260, "episode": 30960, "frame": 30965760, "clock": 1606698154.1280243}, "data": {"/reward/eval/episodic": {"std": 0.0, "num": 1, "min": 941.949777, "max": 941.949777, "sum": 941.949777}}}
{"meta": {"epoch": 1260, "episode": 30960, "frame": 30965760, "clock": 1606698172.1608033}, "data": {"/reward/eval/episodic": {"std": 0.0, "num": 1, "min": 946.263362, "max": 946.263362, "sum": 946.263362}}}
{"meta": {"epoch": 1260, "episode": 30960, "frame": 30965760, "clock": 1606698190.1888254}, "data": {"/reward/eval/episodic": {"std": 0.0, "num": 1, "min": 965.887128, "max": 965.887128, "sum": 965.887128}}}
{"meta": {"epoch": 1260, "episode": 30960, "frame": 30965760, "clock": 1606698208.0476158}, "data": {"/reward/eval/episodic": {"std": 0.0, "num": 1, "min": 968.813239, "max": 968.813239, "sum": 968.813239}}}
{"meta": {"epoch": 1260, "episode": 30960, "frame": 30965760, "clock": 1606698226.2077293}, "data": {"/reward/eval/episodic": {"std": 0.0, "num": 1, "min": 956.22474, "max": 956.22474, "sum": 956.22474}}}
{"meta": {"epoch": 1260, "episode": 30960, "frame": 30965760, "clock": 1606698244.2572532}, "data": {"/reward/eval/episodic": {"std": 0.0, "num": 1, "min": 979.971291, "max": 979.971291, "sum": 979.971291}}}
{"meta": {"epoch": 1260, "episode": 30960, "frame": 30965760, "clock": 1606698262.271125}, "data": {"/reward/eval/episodic": {"std": 0.0, "num": 1, "min": 940.21522, "max": 940.21522, "sum": 940.21522}}}
{"meta": {"epoch": 1260, "episode": 30960, "frame": 30965760, "clock": 1606698280.585146}, "data": {"/reward/eval/episodic": {"std": 0.0, "num": 1, "min": 960.948032, "max": 960.948032, "sum": 960.948032}}}
{"meta": {"epoch": 1260, "episode": 30960, "frame": 30965760, "clock": 1606698298.9580045}, "data": {"/reward/eval/episodic": {"std": 0.0, "num": 1, "min": 935.727284, "max": 935.727284, "sum": 935.727284}}}
{"meta": {"epoch": 1260, "episode": 30960, "frame": 30965760, "clock": 1606698317.3333168}, "data": {"/reward/eval/episodic": {"std": 0.0, "num": 1, "min": 906.593027, "max": 906.593027, "sum": 906.593027}}}
{"meta": {"epoch": 1260, "episode": 30960, "frame": 30965760, "clock": 1606698335.7211926}, "data": {"/reward/eval/episodic": {"std": 0.0, "num": 1, "min": 987.782891, "max": 987.782891, "sum": 987.782891}}}
{"meta": {"epoch": 1260, "episode": 30960, "frame": 30965760, "clock": 1606698353.8368812}, "data": {"/reward/eval/episodic": {"std": 0.0, "num": 1, "min": 927.576929, "max": 927.576929, "sum": 927.576929}}}
{"meta": {"epoch": 1260, "episode": 30960, "frame": 30965760, "clock": 1606698371.0450583}, "data": {"/reward/eval/episodic": {"std": 0.0, "num": 1, "min": 952.250792, "max": 952.250792, "sum": 952.250792}}}
{"meta": {"epoch": 1260, "episode": 30960, "frame": 30965760, "clock": 1606698388.5941164}, "data": {"/reward/eval/episodic": {"std": 0.0, "num": 1, "min": 960.803687, "max": 960.803687, "sum": 960.803687}}}
{"meta": {"epoch": 1260, "episode": 30960, "frame": 30965760, "clock": 1606698405.98118}, "data": {"/reward/eval/episodic": {"std": 0.0, "num": 1, "min": 961.807047, "max": 961.807047, "sum": 961.807047}}}
{"meta": {"epoch": 1260, "episode": 30960, "frame": 30965760, "clock": 1606698423.258907}, "data": {"/reward/eval/episodic": {"std": 0.0, "num": 1, "min": 986.749763, "max": 986.749763, "sum": 986.749763}}}
{"meta": {"epoch": 1260, "episode": 30960, "frame": 30965760, "clock": 1606698440.3468387}, "data": {"/reward/eval/episodic": {"std": 0.0, "num": 1, "min": 924.416709, "max": 924.416709, "sum": 924.416709}}}
{"meta": {"epoch": 1260, "episode": 30960, "frame": 30965760, "clock": 1606698457.6305146}, "data": {"/reward/eval/episodic": {"std": 0.0, "num": 1, "min": 986.805463, "max": 986.805463, "sum": 986.805463}}}
{"meta": {"epoch": 1260, "episode": 30960, "frame": 30965760, "clock": 1606698474.9310088}, "data": {"/reward/eval/episodic": {"std": 0.0, "num": 1, "min": 988.852613, "max": 988.852613, "sum": 988.852613}}}
{"meta": {"epoch": 1260, "episode": 30960, "frame": 30965760, "clock": 1606698492.1181529}, "data": {"/reward/eval/episodic": {"std": 0.0, "num": 1, "min": 990.054505, "max": 990.054505, "sum": 990.054505}}}
{"meta": {"epoch": 1260, "episode": 30960, "frame": 30965760, "clock": 1606698509.3360238}, "data": {"/reward/eval/episodic": {"std": 0.0, "num": 1, "min": 924.044516, "max": 924.044516, "sum": 924.044516}}}
{"meta": {"epoch": 1260, "episode": 30960, "frame": 30965760, "clock": 1606698526.435991}, "data": {"/reward/eval/episodic": {"std": 0.0, "num": 1, "min": 974.375167, "max": 974.375167, "sum": 974.375167}}}
{"meta": {"epoch": 1260, "episode": 30960, "frame": 30965760, "clock": 1606698543.6692472}, "data": {"/reward/eval/episodic": {"std": 0.0, "num": 1, "min": 938.933441, "max": 938.933441, "sum": 938.933441}}}
{"meta": {"epoch": 1260, "episode": 30960, "frame": 30965760, "clock": 1606698560.863364}, "data": {"/reward/eval/episodic": {"std": 0.0, "num": 1, "min": 875.512921, "max": 875.512921, "sum": 875.512921}}}
{"meta": {"epoch": 1260, "episode": 30960, "frame": 30965760, "clock": 1606698578.0453389}, "data": {"/reward/eval/episodic": {"std": 0.0, "num": 1, "min": 916.835947, "max": 916.835947, "sum": 916.835947}}}
{"meta": {"epoch": 1260, "episode": 30960, "frame": 30965760, "clock": 1606698595.6329992}, "data": {"/reward/eval/episodic": {"std": 0.0, "num": 1, "min": 949.120758, "max": 949.120758, "sum": 949.120758}}}
{"meta": {"epoch": 1260, "episode": 30960, "frame": 30965760, "clock": 1606698613.140329}, "data": {"/reward/eval/episodic": {"std": 0.0, "num": 1, "min": 903.991583, "max": 903.991583, "sum": 903.991583}}}
{"meta": {"epoch": 1260, "episode": 30960, "frame": 30965760, "clock": 1606698630.6835551}, "data": {"/reward/eval/episodic": {"std": 0.0, "num": 1, "min": 965.55918, "max": 965.55918, "sum": 965.55918}}}
{"meta": {"epoch": 1260, "episode": 30960, "frame": 30965760, "clock": 1606698648.050447}, "data": {"/reward/eval/episodic": {"std": 0.0, "num": 1, "min": 990.871137, "max": 990.871137, "sum": 990.871137}}}
{"meta": {"epoch": 1260, "episode": 30960, "frame": 30965760, "clock": 1606698665.5935736}, "data": {"/reward/eval/episodic": {"std": 0.0, "num": 1, "min": 878.204407, "max": 878.204407, "sum": 878.204407}}}
{"meta": {"epoch": 1260, "episode": 30960, "frame": 30965760, "clock": 1606698683.3879552}, "data": {"/reward/eval/episodic": {"std": 0.0, "num": 1, "min": 982.036805, "max": 982.036805, "sum": 982.036805}}}
{"meta": {"epoch": 1260, "episode": 30960, "frame": 30965760, "clock": 1606698701.0869966}, "data": {"/reward/eval/episodic": {"std": 0.0, "num": 1, "min": 982.959795, "max": 982.959795, "sum": 982.959795}}}
{"meta": {"epoch": 1260, "episode": 30960, "frame": 30965760, "clock": 1606698718.8344028}, "data": {"/reward/eval/episodic": {"std": 0.0, "num": 1, "min": 966.732233, "max": 966.732233, "sum": 966.732233}}}
{"meta": {"epoch": 1260, "episode": 30960, "frame": 30965760, "clock": 1606698736.7419274}, "data": {"/reward/eval/episodic": {"std": 0.0, "num": 1, "min": 975.895149, "max": 975.895149, "sum": 975.895149}}}
{"meta": {"epoch": 1260, "episode": 30960, "frame": 30965760, "clock": 1606698754.374896}, "data": {"/reward/eval/episodic": {"std": 0.0, "num": 1, "min": 982.524733, "max": 982.524733, "sum": 982.524733}}}
{"meta": {"epoch": 1260, "episode": 30960, "frame": 30965760, "clock": 1606698772.2909606}, "data": {"/reward/eval/episodic": {"std": 0.0, "num": 1, "min": 830.689803, "max": 830.689803, "sum": 830.689803}}}
{"meta": {"epoch": 1260, "episode": 30960, "frame": 30965760, "clock": 1606698790.0280848}, "data": {"/reward/eval/episodic": {"std": 0.0, "num": 1, "min": 965.597657, "max": 965.597657, "sum": 965.597657}}}
{"meta": {"epoch": 1260, "episode": 30960, "frame": 30965760, "clock": 1606698807.7553456}, "data": {"/reward/eval/episodic": {"std": 0.0, "num": 1, "min": 988.668723, "max": 988.668723, "sum": 988.668723}}}
{"meta": {"epoch": 1260, "episode": 30960, "frame": 30965760, "clock": 1606698825.1723597}, "data": {"/reward/eval/episodic": {"std": 0.0, "num": 1, "min": 959.612117, "max": 959.612117, "sum": 959.612117}}}
{"meta": {"epoch": 1260, "episode": 30960, "frame": 30965760, "clock": 1606698842.5328016}, "data": {"/reward/eval/episodic": {"std": 0.0, "num": 1, "min": 875.121786, "max": 875.121786, "sum": 875.121786}}}
{"meta": {"epoch": 1260, "episode": 30960, "frame": 30965760, "clock": 1606698859.9755788}, "data": {"/reward/eval/episodic": {"std": 0.0, "num": 1, "min": 941.737466, "max": 941.737466, "sum": 941.737466}}}
{"meta": {"epoch": 1260, "episode": 30960, "frame": 30965760, "clock": 1606698877.3196142}, "data": {"/reward/eval/episodic": {"std": 0.0, "num": 1, "min": 943.903118, "max": 943.903118, "sum": 943.903118}}}
{"meta": {"epoch": 1260, "episode": 30960, "frame": 30965760, "clock": 1606698894.6414456}, "data": {"/reward/eval/episodic": {"std": 0.0, "num": 1, "min": 965.084534, "max": 965.084534, "sum": 965.084534}}}
{"meta": {"epoch": 1260, "episode": 30960, "frame": 30965760, "clock": 1606698912.0780363}, "data": {"/reward/eval/episodic": {"std": 0.0, "num": 1, "min": 931.317418, "max": 931.317418, "sum": 931.317418}}}
{"meta": {"epoch": 1260, "episode": 30960, "frame": 30965760, "clock": 1606698929.6519551}, "data": {"/reward/eval/episodic": {"std": 0.0, "num": 1, "min": 897.383005, "max": 897.383005, "sum": 897.383005}}}
{"meta": {"epoch": 1260, "episode": 30960, "frame": 30965760, "clock": 1606698947.0726004}, "data": {"/reward/eval/episodic": {"std": 0.0, "num": 1, "min": 886.636797, "max": 886.636797, "sum": 886.636797}}}
{"meta": {"epoch": 1260, "episode": 30960, "frame": 30965760, "clock": 1606698964.481146}, "data": {"/reward/eval/episodic": {"std": 0.0, "num": 1, "min": 951.518801, "max": 951.518801, "sum": 951.518801}}}
{"meta": {"epoch": 1260, "episode": 30960, "frame": 30965760, "clock": 1606698982.1471078}, "data": {"/reward/eval/episodic": {"std": 0.0, "num": 1, "min": 978.735099, "max": 978.735099, "sum": 978.735099}}}
{"meta": {"epoch": 1260, "episode": 30960, "frame": 30965760, "clock": 1606698999.6649525}, "data": {"/reward/eval/episodic": {"std": 0.0, "num": 1, "min": 989.71474, "max": 989.71474, "sum": 989.71474}}}
{"meta": {"epoch": 1260, "episode": 30960, "frame": 30965760, "clock": 1606699017.3415596}, "data": {"/reward/eval/episodic": {"std": 0.0, "num": 1, "min": 953.22034, "max": 953.22034, "sum": 953.22034}}}
{"meta": {"epoch": 1260, "episode": 30960, "frame": 30965760, "clock": 1606699035.0262396}, "data": {"/reward/eval/episodic": {"std": 0.0, "num": 1, "min": 890.08143, "max": 890.08143, "sum": 890.08143}}}
{"meta": {"epoch": 1260, "episode": 30960, "frame": 30965760, "clock": 1606699052.5316908}, "data": {"/reward/eval/episodic": {"std": 0.0, "num": 1, "min": 981.448297, "max": 981.448297, "sum": 981.448297}}}
{"meta": {"epoch": 1260, "episode": 30960, "frame": 30965760, "clock": 1606699070.044638}, "data": {"/reward/eval/episodic": {"std": 0.0, "num": 1, "min": 984.511421, "max": 984.511421, "sum": 984.511421}}}
{"meta": {"epoch": 1260, "episode": 30960, "frame": 30965760, "clock": 1606699087.525904}, "data": {"/reward/eval/episodic": {"std": 0.0, "num": 1, "min": 988.056661, "max": 988.056661, "sum": 988.056661}}}
{"meta": {"epoch": 1260, "episode": 30960, "frame": 30965760, "clock": 1606699105.090875}, "data": {"/reward/eval/episodic": {"std": 0.0, "num": 1, "min": 986.665908, "max": 986.665908, "sum": 986.665908}}}
{"meta": {"epoch": 1260, "episode": 30960, "frame": 30965760, "clock": 1606699122.324971}, "data": {"/reward/eval/episodic": {"std": 0.0, "num": 1, "min": 911.631157, "max": 911.631157, "sum": 911.631157}}}
{"meta": {"epoch": 1260, "episode": 30960, "frame": 30965760, "clock": 1606699139.5542364}, "data": {"/reward/eval/episodic": {"std": 0.0, "num": 1, "min": 967.811287, "max": 967.811287, "sum": 967.811287}}}
{"meta": {"epoch": 1260, "episode": 30960, "frame": 30965760, "clock": 1606699156.8015156}, "data": {"/reward/eval/episodic": {"std": 0.0, "num": 1, "min": 989.468562, "max": 989.468562, "sum": 989.468562}}}
{"meta": {"epoch": 1260, "episode": 30960, "frame": 30965760, "clock": 1606699174.2122138}, "data": {"/reward/eval/episodic": {"std": 0.0, "num": 1, "min": 953.434119, "max": 953.434119, "sum": 953.434119}}}
{"meta": {"epoch": 1260, "episode": 30960, "frame": 30965760, "clock": 1606699191.2881553}, "data": {"/reward/eval/episodic": {"std": 0.0, "num": 1, "min": 979.785411, "max": 979.785411, "sum": 979.785411}}}
{"meta": {"epoch": 1260, "episode": 30960, "frame": 30965760, "clock": 1606699208.4027216}, "data": {"/reward/eval/episodic": {"std": 0.0, "num": 1, "min": 966.035059, "max": 966.035059, "sum": 966.035059}}}
{"meta": {"epoch": 1260, "episode": 30960, "frame": 30965760, "clock": 1606699225.2908616}, "data": {"/reward/eval/episodic": {"std": 0.0, "num": 1, "min": 959.704597, "max": 959.704597, "sum": 959.704597}}}
{"meta": {"epoch": 1260, "episode": 30960, "frame": 30965760, "clock": 1606699242.2024975}, "data": {"/reward/eval/episodic": {"std": 0.0, "num": 1, "min": 990.794632, "max": 990.794632, "sum": 990.794632}}}
{"meta": {"epoch": 1260, "episode": 30960, "frame": 30965760, "clock": 1606699259.127063}, "data": {"/reward/eval/episodic": {"std": 0.0, "num": 1, "min": 935.924697, "max": 935.924697, "sum": 935.924697}}}
{"meta": {"epoch": 1260, "episode": 30960, "frame": 30965760, "clock": 1606699276.0996244}, "data": {"/reward/eval/episodic": {"std": 0.0, "num": 1, "min": 940.899725, "max": 940.899725, "sum": 940.899725}}}
{"meta": {"epoch": 1260, "episode": 30960, "frame": 30965760, "clock": 1606699292.9967117}, "data": {"/reward/eval/episodic": {"std": 0.0, "num": 1, "min": 945.032968, "max": 945.032968, "sum": 945.032968}}}
{"meta": {"epoch": 1260, "episode": 30960, "frame": 30965760, "clock": 1606699309.9055128}, "data": {"/reward/eval/episodic": {"std": 0.0, "num": 1, "min": 967.1288, "max": 967.1288, "sum": 967.1288}}}
{"meta": {"epoch": 1260, "episode": 30960, "frame": 30965760, "clock": 1606699326.7961931}, "data": {"/reward/eval/episodic": {"std": 0.0, "num": 1, "min": 983.757762, "max": 983.757762, "sum": 983.757762}}}
{"meta": {"epoch": 1260, "episode": 30960, "frame": 30965760, "clock": 1606699343.7266774}, "data": {"/reward/eval/episodic": {"std": 0.0, "num": 1, "min": 946.30029, "max": 946.30029, "sum": 946.30029}}}
{"meta": {"epoch": 1260, "episode": 30960, "frame": 30965760, "clock": 1606699360.6631134}, "data": {"/reward/eval/episodic": {"std": 0.0, "num": 1, "min": 943.278354, "max": 943.278354, "sum": 943.278354}}}
{"meta": {"epoch": 1260, "episode": 30960, "frame": 30965760, "clock": 1606699377.5531304}, "data": {"/reward/eval/episodic": {"std": 0.0, "num": 1, "min": 986.140159, "max": 986.140159, "sum": 986.140159}}}
{"meta": {"epoch": 1260, "episode": 30960, "frame": 30965760, "clock": 1606699394.5012345}, "data": {"/reward/eval/episodic": {"std": 0.0, "num": 1, "min": 902.421062, "max": 902.421062, "sum": 902.421062}}}
{"meta": {"epoch": 1260, "episode": 30960, "frame": 30965760, "clock": 1606699411.4391897}, "data": {"/reward/eval/episodic": {"std": 0.0, "num": 1, "min": 927.071049, "max": 927.071049, "sum": 927.071049}}}
{"meta": {"epoch": 1260, "episode": 30960, "frame": 30965760, "clock": 1606699428.3646345}, "data": {"/reward/eval/episodic": {"std": 0.0, "num": 1, "min": 990.265526, "max": 990.265526, "sum": 990.265526}}}
{"meta": {"epoch": 1260, "episode": 30960, "frame": 30965760, "clock": 1606699445.2597787}, "data": {"/reward/eval/episodic": {"std": 0.0, "num": 1, "min": 986.544416, "max": 986.544416, "sum": 986.544416}}}
{"meta": {"epoch": 1260, "episode": 30960, "frame": 30965760, "clock": 1606699462.2663884}, "data": {"/reward/eval/episodic": {"std": 0.0, "num": 1, "min": 929.200816, "max": 929.200816, "sum": 929.200816}}}
{"meta": {"epoch": 1260, "episode": 30960, "frame": 30965760, "clock": 1606699479.1742096}, "data": {"/reward/eval/episodic": {"std": 0.0, "num": 1, "min": 822.950329, "max": 822.950329, "sum": 822.950329}}}
{"meta": {"epoch": 1260, "episode": 30960, "frame": 30965760, "clock": 1606699496.0869174}, "data": {"/reward/eval/episodic": {"std": 0.0, "num": 1, "min": 946.445881, "max": 946.445881, "sum": 946.445881}}}
{"meta": {"epoch": 1260, "episode": 30960, "frame": 30965760, "clock": 1606699513.007982}, "data": {"/reward/eval/episodic": {"std": 0.0, "num": 1, "min": 954.803626, "max": 954.803626, "sum": 954.803626}}}
{"meta": {"epoch": 1260, "episode": 30960, "frame": 30965760, "clock": 1606699529.868597}, "data": {"/reward/eval/episodic": {"std": 0.0, "num": 1, "min": 965.817308, "max": 965.817308, "sum": 965.817308}}}
{"meta": {"epoch": 1260, "episode": 30960, "frame": 30965760, "clock": 1606699546.7304637}, "data": {"/reward/eval/episodic": {"std": 0.0, "num": 1, "min": 969.184048, "max": 969.184048, "sum": 969.184048}}}
{"meta": {"epoch": 1260, "episode": 30960, "frame": 30965760, "clock": 1606699563.5991964}, "data": {"/reward/eval/episodic": {"std": 0.0, "num": 1, "min": 913.385973, "max": 913.385973, "sum": 913.385973}}}
{"meta": {"epoch": 1260, "episode": 30960, "frame": 30965760, "clock": 1606699580.4964077}, "data": {"/reward/eval/episodic": {"std": 0.0, "num": 1, "min": 988.336245, "max": 988.336245, "sum": 988.336245}}}
{"meta": {"epoch": 1260, "episode": 30960, "frame": 30965760, "clock": 1606699597.3430414}, "data": {"/reward/eval/episodic": {"std": 0.0, "num": 1, "min": 956.938625, "max": 956.938625, "sum": 956.938625}}}
{"meta": {"epoch": 1260, "episode": 30960, "frame": 30965760, "clock": 1606699614.194041}, "data": {"/reward/eval/episodic": {"std": 0.0, "num": 1, "min": 945.570756, "max": 945.570756, "sum": 945.570756}}}
