{"meta": {"epoch": 1260, "episode": 30960, "frame": 30965760, "clock": 1606739848.6598473}, "data": {"/reward/eval/episodic": {"std": 0.0, "num": 1, "min": 961.597083, "max": 961.597083, "sum": 961.597083}}}
{"meta": {"epoch": 1260, "episode": 30960, "frame": 30965760, "clock": 1606739866.009343}, "data": {"/reward/eval/episodic": {"std": 0.0, "num": 1, "min": 967.768089, "max": 967.768089, "sum": 967.768089}}}
{"meta": {"epoch": 1260, "episode": 30960, "frame": 30965760, "clock": 1606739883.084089}, "data": {"/reward/eval/episodic": {"std": 0.0, "num": 1, "min": 966.508816, "max": 966.508816, "sum": 966.508816}}}
{"meta": {"epoch": 1260, "episode": 30960, "frame": 30965760, "clock": 1606739900.9589279}, "data": {"/reward/eval/episodic": {"std": 0.0, "num": 1, "min": 949.889904, "max": 949.889904, "sum": 949.889904}}}
{"meta": {"epoch": 1260, "episode": 30960, "frame": 30965760, "clock": 1606739918.3002095}, "data": {"/reward/eval/episodic": {"std": 0.0, "num": 1, "min": 957.63237, "max": 957.63237, "sum": 957.63237}}}
{"meta": {"epoch": 1260, "episode": 30960, "frame": 30965760, "clock": 1606739935.4438674}, "data": {"/reward/eval/episodic": {"std": 0.0, "num": 1, "min": 956.708595, "max": 956.708595, "sum": 956.708595}}}
{"meta": {"epoch": 1260, "episode": 30960, "frame": 30965760, "clock": 1606739952.8338985}, "data": {"/reward/eval/episodic": {"std": 0.0, "num": 1, "min": 911.103641, "max": 911.103641, "sum": 911.103641}}}
{"meta": {"epoch": 1260, "episode": 30960, "frame": 30965760, "clock": 1606739970.110755}, "data": {"/reward/eval/episodic": {"std": 0.0, "num": 1, "min": 965.019399, "max": 965.019399, "sum": 965.019399}}}
{"meta": {"epoch": 1260, "episode": 30960, "frame": 30965760, "clock": 1606739987.3088374}, "data": {"/reward/eval/episodic": {"std": 0.0, "num": 1, "min": 951.797371, "max": 951.797371, "sum": 951.797371}}}
{"meta": {"epoch": 1260, "episode": 30960, "frame": 30965760, "clock": 1606740004.6643157}, "data": {"/reward/eval/episodic": {"std": 0.0, "num": 1, "min": 975.887554, "max": 975.887554, "sum": 975.887554}}}
{"meta": {"epoch": 1260, "episode": 30960, "frame": 30965760, "clock": 1606740021.727016}, "data": {"/reward/eval/episodic": {"std": 0.0, "num": 1, "min": 946.27609, "max": 946.27609, "sum": 946.27609}}}
{"meta": {"epoch": 1260, "episode": 30960, "frame": 30965760, "clock": 1606740038.9489412}, "data": {"/reward/eval/episodic": {"std": 0.0, "num": 1, "min": 916.083921, "max": 916.083921, "sum": 916.083921}}}
{"meta": {"epoch": 1260, "episode": 30960, "frame": 30965760, "clock": 1606740057.7049491}, "data": {"/reward/eval/episodic": {"std": 0.0, "num": 1, "min": 989.049279, "max": 989.049279, "sum": 989.049279}}}
{"meta": {"epoch": 1260, "episode": 30960, "frame": 30965760, "clock": 1606740074.941546}, "data": {"/reward/eval/episodic": {"std": 0.0, "num": 1, "min": 948.433001, "max": 948.433001, "sum": 948.433001}}}
{"meta": {"epoch": 1260, "episode": 30960, "frame": 30965760, "clock": 1606740092.0671804}, "data": {"/reward/eval/episodic": {"std": 0.0, "num": 1, "min": 885.768349, "max": 885.768349, "sum": 885.768349}}}
{"meta": {"epoch": 1260, "episode": 30960, "frame": 30965760, "clock": 1606740109.0293345}, "data": {"/reward/eval/episodic": {"std": 0.0, "num": 1, "min": 964.992474, "max": 964.992474, "sum": 964.992474}}}
{"meta": {"epoch": 1260, "episode": 30960, "frame": 30965760, "clock": 1606740125.928512}, "data": {"/reward/eval/episodic": {"std": 0.0, "num": 1, "min": 972.054971, "max": 972.054971, "sum": 972.054971}}}
{"meta": {"epoch": 1260, "episode": 30960, "frame": 30965760, "clock": 1606740142.8118591}, "data": {"/reward/eval/episodic": {"std": 0.0, "num": 1, "min": 967.452017, "max": 967.452017, "sum": 967.452017}}}
{"meta": {"epoch": 1260, "episode": 30960, "frame": 30965760, "clock": 1606740159.6655443}, "data": {"/reward/eval/episodic": {"std": 0.0, "num": 1, "min": 953.197059, "max": 953.197059, "sum": 953.197059}}}
{"meta": {"epoch": 1260, "episode": 30960, "frame": 30965760, "clock": 1606740176.6215696}, "data": {"/reward/eval/episodic": {"std": 0.0, "num": 1, "min": 967.000894, "max": 967.000894, "sum": 967.000894}}}
{"meta": {"epoch": 1260, "episode": 30960, "frame": 30965760, "clock": 1606740193.8673666}, "data": {"/reward/eval/episodic": {"std": 0.0, "num": 1, "min": 850.422467, "max": 850.422467, "sum": 850.422467}}}
{"meta": {"epoch": 1260, "episode": 30960, "frame": 30965760, "clock": 1606740210.8623948}, "data": {"/reward/eval/episodic": {"std": 0.0, "num": 1, "min": 939.437976, "max": 939.437976, "sum": 939.437976}}}
{"meta": {"epoch": 1260, "episode": 30960, "frame": 30965760, "clock": 1606740227.8540225}, "data": {"/reward/eval/episodic": {"std": 0.0, "num": 1, "min": 961.237994, "max": 961.237994, "sum": 961.237994}}}
{"meta": {"epoch": 1260, "episode": 30960, "frame": 30965760, "clock": 1606740244.8518403}, "data": {"/reward/eval/episodic": {"std": 0.0, "num": 1, "min": 989.692969, "max": 989.692969, "sum": 989.692969}}}
{"meta": {"epoch": 1260, "episode": 30960, "frame": 30965760, "clock": 1606740261.8148441}, "data": {"/reward/eval/episodic": {"std": 0.0, "num": 1, "min": 956.319703, "max": 956.319703, "sum": 956.319703}}}
{"meta": {"epoch": 1260, "episode": 30960, "frame": 30965760, "clock": 1606740278.8872795}, "data": {"/reward/eval/episodic": {"std": 0.0, "num": 1, "min": 901.925475, "max": 901.925475, "sum": 901.925475}}}
{"meta": {"epoch": 1260, "episode": 30960, "frame": 30965760, "clock": 1606740295.9517395}, "data": {"/reward/eval/episodic": {"std": 0.0, "num": 1, "min": 925.946596, "max": 925.946596, "sum": 925.946596}}}
{"meta": {"epoch": 1260, "episode": 30960, "frame": 30965760, "clock": 1606740312.903901}, "data": {"/reward/eval/episodic": {"std": 0.0, "num": 1, "min": 965.972703, "max": 965.972703, "sum": 965.972703}}}
{"meta": {"epoch": 1260, "episode": 30960, "frame": 30965760, "clock": 1606740329.8862224}, "data": {"/reward/eval/episodic": {"std": 0.0, "num": 1, "min": 955.592764, "max": 955.592764, "sum": 955.592764}}}
{"meta": {"epoch": 1260, "episode": 30960, "frame": 30965760, "clock": 1606740346.800867}, "data": {"/reward/eval/episodic": {"std": 0.0, "num": 1, "min": 882.965001, "max": 882.965001, "sum": 882.965001}}}
{"meta": {"epoch": 1260, "episode": 30960, "frame": 30965760, "clock": 1606740363.9303553}, "data": {"/reward/eval/episodic": {"std": 0.0, "num": 1, "min": 985.598257, "max": 985.598257, "sum": 985.598257}}}
{"meta": {"epoch": 1260, "episode": 30960, "frame": 30965760, "clock": 1606740380.9506557}, "data": {"/reward/eval/episodic": {"std": 0.0, "num": 1, "min": 987.226394, "max": 987.226394, "sum": 987.226394}}}
{"meta": {"epoch": 1260, "episode": 30960, "frame": 30965760, "clock": 1606740398.0859168}, "data": {"/reward/eval/episodic": {"std": 0.0, "num": 1, "min": 969.144119, "max": 969.144119, "sum": 969.144119}}}
{"meta": {"epoch": 1260, "episode": 30960, "frame": 30965760, "clock": 1606740415.0759223}, "data": {"/reward/eval/episodic": {"std": 0.0, "num": 1, "min": 958.33362, "max": 958.33362, "sum": 958.33362}}}
{"meta": {"epoch": 1260, "episode": 30960, "frame": 30965760, "clock": 1606740431.9246457}, "data": {"/reward/eval/episodic": {"std": 0.0, "num": 1, "min": 960.270047, "max": 960.270047, "sum": 960.270047}}}
{"meta": {"epoch": 1260, "episode": 30960, "frame": 30965760, "clock": 1606740448.8075452}, "data": {"/reward/eval/episodic": {"std": 0.0, "num": 1, "min": 862.443286, "max": 862.443286, "sum": 862.443286}}}
{"meta": {"epoch": 1260, "episode": 30960, "frame": 30965760, "clock": 1606740465.7692928}, "data": {"/reward/eval/episodic": {"std": 0.0, "num": 1, "min": 991.196231, "max": 991.196231, "sum": 991.196231}}}
{"meta": {"epoch": 1260, "episode": 30960, "frame": 30965760, "clock": 1606740482.655068}, "data": {"/reward/eval/episodic": {"std": 0.0, "num": 1, "min": 952.156767, "max": 952.156767, "sum": 952.156767}}}
{"meta": {"epoch": 1260, "episode": 30960, "frame": 30965760, "clock": 1606740499.68386}, "data": {"/reward/eval/episodic": {"std": 0.0, "num": 1, "min": 940.058487, "max": 940.058487, "sum": 940.058487}}}
{"meta": {"epoch": 1260, "episode": 30960, "frame": 30965760, "clock": 1606740516.6774714}, "data": {"/reward/eval/episodic": {"std": 0.0, "num": 1, "min": 945.65221, "max": 945.65221, "sum": 945.65221}}}
{"meta": {"epoch": 1260, "episode": 30960, "frame": 30965760, "clock": 1606740533.7354765}, "data": {"/reward/eval/episodic": {"std": 0.0, "num": 1, "min": 968.937881, "max": 968.937881, "sum": 968.937881}}}
{"meta": {"epoch": 1260, "episode": 30960, "frame": 30965760, "clock": 1606740550.7513602}, "data": {"/reward/eval/episodic": {"std": 0.0, "num": 1, "min": 971.118415, "max": 971.118415, "sum": 971.118415}}}
{"meta": {"epoch": 1260, "episode": 30960, "frame": 30965760, "clock": 1606740567.8014255}, "data": {"/reward/eval/episodic": {"std": 0.0, "num": 1, "min": 982.926355, "max": 982.926355, "sum": 982.926355}}}
{"meta": {"epoch": 1260, "episode": 30960, "frame": 30965760, "clock": 1606740584.784476}, "data": {"/reward/eval/episodic": {"std": 0.0, "num": 1, "min": 960.408511, "max": 960.408511, "sum": 960.408511}}}
{"meta": {"epoch": 1260, "episode": 30960, "frame": 30965760, "clock": 1606740601.847827}, "data": {"/reward/eval/episodic": {"std": 0.0, "num": 1, "min": 888.45872, "max": 888.45872, "sum": 888.45872}}}
{"meta": {"epoch": 1260, "episode": 30960, "frame": 30965760, "clock": 1606740618.8738387}, "data": {"/reward/eval/episodic": {"std": 0.0, "num": 1, "min": 938.455739, "max": 938.455739, "sum": 938.455739}}}
{"meta": {"epoch": 1260, "episode": 30960, "frame": 30965760, "clock": 1606740635.8892283}, "data": {"/reward/eval/episodic": {"std": 0.0, "num": 1, "min": 965.014005, "max": 965.014005, "sum": 965.014005}}}
{"meta": {"epoch": 1260, "episode": 30960, "frame": 30965760, "clock": 1606740653.007058}, "data": {"/reward/eval/episodic": {"std": 0.0, "num": 1, "min": 989.933348, "max": 989.933348, "sum": 989.933348}}}
{"meta": {"epoch": 1260, "episode": 30960, "frame": 30965760, "clock": 1606740669.973949}, "data": {"/reward/eval/episodic": {"std": 0.0, "num": 1, "min": 943.307458, "max": 943.307458, "sum": 943.307458}}}
{"meta": {"epoch": 1260, "episode": 30960, "frame": 30965760, "clock": 1606740687.0808887}, "data": {"/reward/eval/episodic": {"std": 0.0, "num": 1, "min": 948.372961, "max": 948.372961, "sum": 948.372961}}}
{"meta": {"epoch": 1260, "episode": 30960, "frame": 30965760, "clock": 1606740704.1191964}, "data": {"/reward/eval/episodic": {"std": 0.0, "num": 1, "min": 992.250202, "max": 992.250202, "sum": 992.250202}}}
{"meta": {"epoch": 1260, "episode": 30960, "frame": 30965760, "clock": 1606740720.9950445}, "data": {"/reward/eval/episodic": {"std": 0.0, "num": 1, "min": 990.53839, "max": 990.53839, "sum": 990.53839}}}
{"meta": {"epoch": 1260, "episode": 30960, "frame": 30965760, "clock": 1606740738.0092247}, "data": {"/reward/eval/episodic": {"std": 0.0, "num": 1, "min": 938.232189, "max": 938.232189, "sum": 938.232189}}}
{"meta": {"epoch": 1260, "episode": 30960, "frame": 30965760, "clock": 1606740755.1081834}, "data": {"/reward/eval/episodic": {"std": 0.0, "num": 1, "min": 899.696371, "max": 899.696371, "sum": 899.696371}}}
{"meta": {"epoch": 1260, "episode": 30960, "frame": 30965760, "clock": 1606740772.231812}, "data": {"/reward/eval/episodic": {"std": 0.0, "num": 1, "min": 983.922457, "max": 983.922457, "sum": 983.922457}}}
{"meta": {"epoch": 1260, "episode": 30960, "frame": 30965760, "clock": 1606740789.1269636}, "data": {"/reward/eval/episodic": {"std": 0.0, "num": 1, "min": 810.915057, "max": 810.915057, "sum": 810.915057}}}
{"meta": {"epoch": 1260, "episode": 30960, "frame": 30965760, "clock": 1606740806.0652092}, "data": {"/reward/eval/episodic": {"std": 0.0, "num": 1, "min": 988.150547, "max": 988.150547, "sum": 988.150547}}}
{"meta": {"epoch": 1260, "episode": 30960, "frame": 30965760, "clock": 1606740823.0437908}, "data": {"/reward/eval/episodic": {"std": 0.0, "num": 1, "min": 956.131984, "max": 956.131984, "sum": 956.131984}}}
{"meta": {"epoch": 1260, "episode": 30960, "frame": 30965760, "clock": 1606740839.9248114}, "data": {"/reward/eval/episodic": {"std": 0.0, "num": 1, "min": 990.053541, "max": 990.053541, "sum": 990.053541}}}
{"meta": {"epoch": 1260, "episode": 30960, "frame": 30965760, "clock": 1606740857.1525457}, "data": {"/reward/eval/episodic": {"std": 0.0, "num": 1, "min": 948.438965, "max": 948.438965, "sum": 948.438965}}}
{"meta": {"epoch": 1260, "episode": 30960, "frame": 30965760, "clock": 1606740874.0479982}, "data": {"/reward/eval/episodic": {"std": 0.0, "num": 1, "min": 966.463798, "max": 966.463798, "sum": 966.463798}}}
{"meta": {"epoch": 1260, "episode": 30960, "frame": 30965760, "clock": 1606740890.9364586}, "data": {"/reward/eval/episodic": {"std": 0.0, "num": 1, "min": 939.005112, "max": 939.005112, "sum": 939.005112}}}
{"meta": {"epoch": 1260, "episode": 30960, "frame": 30965760, "clock": 1606740907.810585}, "data": {"/reward/eval/episodic": {"std": 0.0, "num": 1, "min": 990.811752, "max": 990.811752, "sum": 990.811752}}}
{"meta": {"epoch": 1260, "episode": 30960, "frame": 30965760, "clock": 1606740924.7002704}, "data": {"/reward/eval/episodic": {"std": 0.0, "num": 1, "min": 990.274308, "max": 990.274308, "sum": 990.274308}}}
{"meta": {"epoch": 1260, "episode": 30960, "frame": 30965760, "clock": 1606740941.8528702}, "data": {"/reward/eval/episodic": {"std": 0.0, "num": 1, "min": 992.326941, "max": 992.326941, "sum": 992.326941}}}
{"meta": {"epoch": 1260, "episode": 30960, "frame": 30965760, "clock": 1606740958.7812188}, "data": {"/reward/eval/episodic": {"std": 0.0, "num": 1, "min": 961.903212, "max": 961.903212, "sum": 961.903212}}}
{"meta": {"epoch": 1260, "episode": 30960, "frame": 30965760, "clock": 1606740975.6467931}, "data": {"/reward/eval/episodic": {"std": 0.0, "num": 1, "min": 962.591983, "max": 962.591983, "sum": 962.591983}}}
{"meta": {"epoch": 1260, "episode": 30960, "frame": 30965760, "clock": 1606740992.5042956}, "data": {"/reward/eval/episodic": {"std": 0.0, "num": 1, "min": 944.560184, "max": 944.560184, "sum": 944.560184}}}
{"meta": {"epoch": 1260, "episode": 30960, "frame": 30965760, "clock": 1606741009.4598494}, "data": {"/reward/eval/episodic": {"std": 0.0, "num": 1, "min": 948.457491, "max": 948.457491, "sum": 948.457491}}}
{"meta": {"epoch": 1260, "episode": 30960, "frame": 30965760, "clock": 1606741026.3152263}, "data": {"/reward/eval/episodic": {"std": 0.0, "num": 1, "min": 980.655378, "max": 980.655378, "sum": 980.655378}}}
{"meta": {"epoch": 1260, "episode": 30960, "frame": 30965760, "clock": 1606741043.1845508}, "data": {"/reward/eval/episodic": {"std": 0.0, "num": 1, "min": 913.216467, "max": 913.216467, "sum": 913.216467}}}
{"meta": {"epoch": 1260, "episode": 30960, "frame": 30965760, "clock": 1606741060.0594485}, "data": {"/reward/eval/episodic": {"std": 0.0, "num": 1, "min": 956.757455, "max": 956.757455, "sum": 956.757455}}}
{"meta": {"epoch": 1260, "episode": 30960, "frame": 30965760, "clock": 1606741076.9395134}, "data": {"/reward/eval/episodic": {"std": 0.0, "num": 1, "min": 958.85732, "max": 958.85732, "sum": 958.85732}}}
{"meta": {"epoch": 1260, "episode": 30960, "frame": 30965760, "clock": 1606741093.8002963}, "data": {"/reward/eval/episodic": {"std": 0.0, "num": 1, "min": 774.645893, "max": 774.645893, "sum": 774.645893}}}
{"meta": {"epoch": 1260, "episode": 30960, "frame": 30965760, "clock": 1606741110.6476257}, "data": {"/reward/eval/episodic": {"std": 0.0, "num": 1, "min": 943.264137, "max": 943.264137, "sum": 943.264137}}}
{"meta": {"epoch": 1260, "episode": 30960, "frame": 30965760, "clock": 1606741127.5024633}, "data": {"/reward/eval/episodic": {"std": 0.0, "num": 1, "min": 932.12944, "max": 932.12944, "sum": 932.12944}}}
{"meta": {"epoch": 1260, "episode": 30960, "frame": 30965760, "clock": 1606741144.376736}, "data": {"/reward/eval/episodic": {"std": 0.0, "num": 1, "min": 963.495197, "max": 963.495197, "sum": 963.495197}}}
{"meta": {"epoch": 1260, "episode": 30960, "frame": 30965760, "clock": 1606741161.2699444}, "data": {"/reward/eval/episodic": {"std": 0.0, "num": 1, "min": 955.860012, "max": 955.860012, "sum": 955.860012}}}
{"meta": {"epoch": 1260, "episode": 30960, "frame": 30965760, "clock": 1606741178.1468196}, "data": {"/reward/eval/episodic": {"std": 0.0, "num": 1, "min": 926.855998, "max": 926.855998, "sum": 926.855998}}}
{"meta": {"epoch": 1260, "episode": 30960, "frame": 30965760, "clock": 1606741194.9964266}, "data": {"/reward/eval/episodic": {"std": 0.0, "num": 1, "min": 943.024649, "max": 943.024649, "sum": 943.024649}}}
{"meta": {"epoch": 1260, "episode": 30960, "frame": 30965760, "clock": 1606741211.8759966}, "data": {"/reward/eval/episodic": {"std": 0.0, "num": 1, "min": 951.365477, "max": 951.365477, "sum": 951.365477}}}
{"meta": {"epoch": 1260, "episode": 30960, "frame": 30965760, "clock": 1606741228.7421243}, "data": {"/reward/eval/episodic": {"std": 0.0, "num": 1, "min": 967.526395, "max": 967.526395, "sum": 967.526395}}}
{"meta": {"epoch": 1260, "episode": 30960, "frame": 30965760, "clock": 1606741245.5936835}, "data": {"/reward/eval/episodic": {"std": 0.0, "num": 1, "min": 961.990013, "max": 961.990013, "sum": 961.990013}}}
{"meta": {"epoch": 1260, "episode": 30960, "frame": 30965760, "clock": 1606741262.46324}, "data": {"/reward/eval/episodic": {"std": 0.0, "num": 1, "min": 943.039494, "max": 943.039494, "sum": 943.039494}}}
{"meta": {"epoch": 1260, "episode": 30960, "frame": 30965760, "clock": 1606741279.309175}, "data": {"/reward/eval/episodic": {"std": 0.0, "num": 1, "min": 981.395879, "max": 981.395879, "sum": 981.395879}}}
{"meta": {"epoch": 1260, "episode": 30960, "frame": 30965760, "clock": 1606741296.1781158}, "data": {"/reward/eval/episodic": {"std": 0.0, "num": 1, "min": 992.475303, "max": 992.475303, "sum": 992.475303}}}
{"meta": {"epoch": 1260, "episode": 30960, "frame": 30965760, "clock": 1606741313.0295625}, "data": {"/reward/eval/episodic": {"std": 0.0, "num": 1, "min": 985.236762, "max": 985.236762, "sum": 985.236762}}}
{"meta": {"epoch": 1260, "episode": 30960, "frame": 30965760, "clock": 1606741330.188014}, "data": {"/reward/eval/episodic": {"std": 0.0, "num": 1, "min": 967.417986, "max": 967.417986, "sum": 967.417986}}}
{"meta": {"epoch": 1260, "episode": 30960, "frame": 30965760, "clock": 1606741347.0541127}, "data": {"/reward/eval/episodic": {"std": 0.0, "num": 1, "min": 965.132886, "max": 965.132886, "sum": 965.132886}}}
{"meta": {"epoch": 1260, "episode": 30960, "frame": 30965760, "clock": 1606741363.968422}, "data": {"/reward/eval/episodic": {"std": 0.0, "num": 1, "min": 990.232184, "max": 990.232184, "sum": 990.232184}}}
{"meta": {"epoch": 1260, "episode": 30960, "frame": 30965760, "clock": 1606741380.8319583}, "data": {"/reward/eval/episodic": {"std": 0.0, "num": 1, "min": 979.232073, "max": 979.232073, "sum": 979.232073}}}
{"meta": {"epoch": 1260, "episode": 30960, "frame": 30965760, "clock": 1606741397.7029057}, "data": {"/reward/eval/episodic": {"std": 0.0, "num": 1, "min": 879.722333, "max": 879.722333, "sum": 879.722333}}}
{"meta": {"epoch": 1260, "episode": 30960, "frame": 30965760, "clock": 1606741414.9046588}, "data": {"/reward/eval/episodic": {"std": 0.0, "num": 1, "min": 963.821533, "max": 963.821533, "sum": 963.821533}}}
{"meta": {"epoch": 1260, "episode": 30960, "frame": 30965760, "clock": 1606741431.906642}, "data": {"/reward/eval/episodic": {"std": 0.0, "num": 1, "min": 989.64307, "max": 989.64307, "sum": 989.64307}}}
{"meta": {"epoch": 1260, "episode": 30960, "frame": 30965760, "clock": 1606741448.8904495}, "data": {"/reward/eval/episodic": {"std": 0.0, "num": 1, "min": 961.881048, "max": 961.881048, "sum": 961.881048}}}
{"meta": {"epoch": 1260, "episode": 30960, "frame": 30965760, "clock": 1606741465.7451658}, "data": {"/reward/eval/episodic": {"std": 0.0, "num": 1, "min": 895.214512, "max": 895.214512, "sum": 895.214512}}}
{"meta": {"epoch": 1260, "episode": 30960, "frame": 30965760, "clock": 1606741482.6219664}, "data": {"/reward/eval/episodic": {"std": 0.0, "num": 1, "min": 989.179644, "max": 989.179644, "sum": 989.179644}}}
{"meta": {"epoch": 1260, "episode": 30960, "frame": 30965760, "clock": 1606741499.4880493}, "data": {"/reward/eval/episodic": {"std": 0.0, "num": 1, "min": 929.977954, "max": 929.977954, "sum": 929.977954}}}
{"meta": {"epoch": 1260, "episode": 30960, "frame": 30965760, "clock": 1606741516.3548505}, "data": {"/reward/eval/episodic": {"std": 0.0, "num": 1, "min": 987.429722, "max": 987.429722, "sum": 987.429722}}}
