# {"t_start": 1606763121.485998, "env_id": "DMBenchCartpoleSwingup-v0"} 
r,l,t
249.456115,1000,1742.634808
231.468446,1000,3536.835845
526.965183,1000,5273.45379
560.171863,1000,7017.858829
817.362757,1000,8760.92721
730.355573,1000,10510.323908
768.675314,1000,12256.439804
842.774495,1000,14005.710092
235.46508,1000,15748.262438
841.964112,1000,17495.006749
730.819516,1000,19235.243144
422.582805,1000,20981.12336
638.39847,1000,22732.927418
620.550158,1000,24488.796705
604.796637,1000,26252.167165
721.670741,1000,28016.355445
728.73455,1000,29784.770464
543.95012,1000,31102.394375
800.350828,1000,32272.119502
709.675097,1000,33432.418999
717.362981,1000,34612.69506
.722292
206.8795,1000,248.722504
97.807818,1000,260.256492
244.446321,1000,272.040201
245.052956,1000,285.162207
204.055859,1000,297.037452
184.758652,1000,308.768037
206.844941,1000,320.629872
90.327589,1000,335.235573
215.543451,1000,350.636698
253.533211,1000,366.475496
187.901537,1000,383.358713
235.836633,1000,401.019898
200.02897,1000,417.941967
217.527834,1000,438.907701
247.590978,1000,456.846089
278.564193,1000,477.758228
189.327614,1000,498.540747
247.171414,1000,516.517352
279.346802,1000,534.780858
268.243271,1000,551.549798
244.331144,1000,569.447942
209.678937,1000,587.390074
206.972086,1000,605.309252
134.465575,1000,623.296878
219.407578,1000,641.00018
188.063431,1000,658.98095
258.373848,1000,677.126724
206.728652,1000,695.862255
222.927005,1000,716.713528
206.123745,1000,735.686145
242.159774,1000,753.687749
262.624555,1000,772.058888
220.918694,1000,793.395755
230.550332,1000,812.867652
138.406731,1000,832.668932
187.166786,1000,851.870795
197.367983,1000,870.178769
269.749991,1000,888.400345
204.048446,1000,908.041725
205.597961,1000,927.613675
222.354826,1000,945.247702
188.961985,1000,963.436599
158.277619,1000,982.173697
281.335502,1000,1001.92586
317.677601,1000,1019.895088
244.879299,1000,1036.763084
239.378426,1000,1057.083447
215.400945,1000,1080.469016
197.306579,1000,1102.375394
254.154018,1000,1123.86561
315.340834,1000,1146.513336
318.796709,1000,1167.233804
262.120218,1000,1188.082539
287.140842,1000,1209.249301
316.288379,1000,1229.847347
270.465565,1000,1250.705198
265.845738,1000,1271.521836
241.911997,1000,1291.530865
284.795083,1000,1311.991838
346.894555,1000,1333.053143
312.65341,1000,1354.267612
262.170967,1000,1376.779457
169.166091,1000,1398.453266
329.675487,1000,1421.138328
226.251787,1000,1443.179411
228.579335,1000,1464.562691
224.246223,1000,1485.71441
211.299111,1000,1506.038059
325.533811,1000,1524.927573
223.917566,1000,1543.748554
344.9793,1000,1562.973592
286.710721,1000,1582.439188
239.519899,1000,1601.735261
200.601055,1000,1620.758234
210.16301,1000,1639.715271
232.006008,1000,1658.580697
278.34374,1000,1677.834786
263.936322,1000,1697.501794
300.604731,1000,1716.089563
312.169623,1000,1753.870279
259.340863,1000,1774.03184
323.625005,1000,1793.061071
174.281173,1000,1812.20651
285.004617,1000,1830.546998
280.265027,1000,1850.027601
319.673877,1000,1869.422774
267.386473,1000,1888.660914
269.251075,1000,1909.441864
336.687293,1000,1928.660016
265.835241,1000,1948.954528
207.205849,1000,1969.843082
267.589323,1000,1990.424465
327.775744,1000,2009.213078
288.476298,1000,2028.419938
269.936166,1000,2048.147723
281.466661,1000,2066.921239
274.4693,1000,2086.015757
421.768053,1000,2104.664787
240.570816,1000,2123.892541
302.207408,1000,2142.474582
187.430586,1000,2160.998092
154.38873,1000,2179.920856
429.822309,1000,2199.342608
201.269104,1000,2216.905259
307.617271,1000,2233.298402
287.184786,1000,2251.104165
221.548777,1000,2267.803613
245.989054,1000,2284.689878
307.725707,1000,2301.34633
233.311769,1000,2318.042166
327.957278,1000,2334.85468
374.984922,1000,2352.145923
215.311866,1000,2368.757528
296.165573,1000,2385.593028
390.37262,1000,2402.635357
322.778691,1000,2419.235841
251.821805,1000,2436.007331
258.348087,1000,2453.046749
328.425638,1000,2469.665366
296.218073,1000,2486.753799
244.006751,1000,2503.637177
230.117574,1000,2520.55462
312.61043,1000,2537.079915
210.779133,1000,2554.009882
269.061923,1000,2570.85702
330.807519,1000,2587.693859
270.671517,1000,2604.211352
260.087686,1000,2620.848889
312.233327,1000,2637.98212
240.233451,1000,2654.708874
336.903302,1000,2671.159739
373.382721,1000,2687.966252
299.128892,1000,2704.848942
343.775853,1000,2721.510239
251.769488,1000,2738.700416
237.914665,1000,2755.499524
269.89235,1000,2771.968553
256.786027,1000,2789.03079
257.916132,1000,2806.010756
198.146836,1000,2822.814039
258.854508,1000,2839.459728
285.183449,1000,2856.622479
264.879555,1000,2873.873661
331.967356,1000,2890.545289
248.600091,1000,2907.32308
230.301334,1000,2924.178944
294.639283,1000,2941.10172
280.143615,1000,2956.682937
167.374693,1000,2973.703741
317.47107,1000,2990.557822
253.442121,1000,3007.473293
337.101619,1000,3024.213506
340.339957,1000,3040.562337
403.145381,1000,3057.673594
283.645977,1000,3074.039721
303.911905,1000,3090.735895
291.014097,1000,3107.783889
298.456038,1000,3124.329939
325.114097,1000,3141.095609
326.020309,1000,3157.683122
314.293328,1000,3174.233308
266.168641,1000,3190.809585
318.677058,1000,3207.289508
358.820434,1000,3224.285202
312.015904,1000,3241.545339
278.358464,1000,3258.582322
246.268345,1000,3275.459903
292.583083,1000,3292.170974
311.162255,1000,3307.941398
283.567684,1000,3324.350275
438.040242,1000,3340.94343
288.204313,1000,3358.042758
325.995701,1000,3374.866846
284.560712,1000,3392.215775
274.623688,1000,3409.033167
386.925763,1000,3425.687365
272.177386,1000,3442.30466
248.798147,1000,3459.261279
390.843933,1000,3476.1196
329.4203,1000,3493.107294
333.21097,1000,3509.834143
280.0606,1000,3540.708706
364.457897,1000,3557.578082
310.159684,1000,3574.173216
330.891931,1000,3591.178269
353.51758,1000,3607.82393
272.536311,1000,3624.333654
360.914946,1000,3641.106181
384.398493,1000,3657.932993
271.632355,1000,3674.994087
362.665816,1000,3691.17052
353.835501,1000,3707.960558
305.419044,1000,3724.963727
274.045599,1000,3741.596742
433.912648,1000,3758.712269
271.575401,1000,3775.441186
358.294393,1000,3792.374532
358.341063,1000,3809.49187
293.888068,1000,3826.346644
261.390542,1000,3843.222402
333.110637,1000,3860.357148
270.705876,1000,3877.305483
345.283324,1000,3893.979073
340.051669,1000,3910.709164
407.694102,1000,3927.634058
315.025246,1000,3944.49578
383.328855,1000,3961.028269
446.667978,1000,3977.840853
363.694,1000,3994.657638
393.832356,1000,4011.507595
379.181181,1000,4027.85018
397.168328,1000,4043.922882
350.536259,1000,4060.585998
320.449295,1000,4077.528261
341.82712,1000,4094.393732
288.703566,1000,4111.509643
370.032892,1000,4128.106353
355.104858,1000,4144.827074
314.489659,1000,4161.540142
306.118467,1000,4178.35115
342.596345,1000,4195.18666
315.108785,1000,4211.88465
364.364414,1000,4228.417733
482.357356,1000,4245.341959
395.117689,1000,4262.301846
390.14213,1000,4278.971688
323.302348,1000,4296.074606
338.12814,1000,4312.629915
325.613209,1000,4329.411028
342.136065,1000,4346.033293
344.986487,1000,4362.48354
435.5567,1000,4378.949764
297.587604,1000,4394.758912
354.029386,1000,4411.222424
375.417602,1000,4428.287783
356.681047,1000,4445.067522
425.985961,1000,4461.784141
434.092256,1000,4478.485352
304.572571,1000,4495.36254
373.629379,1000,4512.624065
314.493416,1000,4529.697887
334.626039,1000,4546.483011
395.614325,1000,4563.542596
375.901966,1000,4580.147499
357.11642,1000,4596.727412
444.29039,1000,4613.62536
462.787944,1000,4630.24258
385.123498,1000,4647.317721
483.214515,1000,4664.157737
392.041292,1000,4681.055151
425.875664,1000,4697.803703
374.733744,1000,4714.875528
314.394201,1000,4731.9998
366.205807,1000,4748.851165
400.60659,1000,4765.207118
295.860181,1000,4782.091462
389.727221,1000,4798.889383
417.74044,1000,4815.939527
387.819705,1000,4832.736576
300.331172,1000,4849.782398
436.316667,1000,4866.607906
452.049647,1000,4883.401979
463.020989,1000,4899.805307
378.780138,1000,4916.887611
367.470513,1000,4933.421754
402.957966,1000,4949.878329
434.178369,1000,4966.504254
472.181439,1000,4983.544383
414.435652,1000,5000.417814
471.336989,1000,5017.024273
489.917589,1000,5033.781325
416.406754,1000,5050.411651
401.022945,1000,5068.262745
461.582284,1000,5086.114831
483.679187,1000,5105.095786
299.47767,1000,5120.991539
474.493552,1000,5137.779883
435.335145,1000,5154.652068
384.890149,1000,5171.230435
367.876682,1000,5188.277896
466.572265,1000,5204.975227
328.996066,1000,5221.820342
327.110983,1000,5238.760919
328.272875,1000,5255.591891
416.538402,1000,5287.097202
488.480635,1000,5304.197338
417.320303,1000,5320.711393
463.129279,1000,5337.748719
424.544972,1000,5354.808417
390.953595,1000,5371.987529
332.886876,1000,5388.816773
501.406538,1000,5405.550054
452.456439,1000,5422.833533
415.82311,1000,5439.579705
443.510024,1000,5456.429622
552.314128,1000,5473.482815
339.978397,1000,5489.471217
496.056934,1000,5506.232712
403.49464,1000,5522.877655
371.466851,1000,5539.801371
531.772719,1000,5556.757418
548.807781,1000,5573.679785
449.235847,1000,5590.447198
482.383618,1000,5607.112269
400.657468,1000,5624.235577
554.301207,1000,5641.085344
432.081349,1000,5658.166043
476.633139,1000,5674.600196
538.116559,1000,5691.56044
472.307773,1000,5708.318386
392.527464,1000,5725.377278
531.282881,1000,5742.416066
506.242325,1000,5759.141776
369.689434,1000,5776.194304
451.169456,1000,5793.15571
491.023611,1000,5810.647379
394.196216,1000,5827.386056
440.689324,1000,5844.344682
519.469047,1000,5860.382323
554.571698,1000,5877.495157
467.438435,1000,5894.588459
526.858561,1000,5911.63072
418.928389,1000,5929.197678
513.669024,1000,5945.771743
407.233112,1000,5962.538854
500.853529,1000,5979.616348
465.110431,1000,5996.210375
456.896296,1000,6013.395109
369.820509,1000,6030.275024
531.905321,1000,6047.577626
352.234117,1000,6064.710117
461.765692,1000,6081.273277
370.297636,1000,6098.135756
382.054906,1000,6114.989917
433.862549,1000,6132.242035
407.453299,1000,6149.46417
548.89266,1000,6166.246238
485.311946,1000,6182.942895
495.386565,1000,6199.70468
482.107707,1000,6215.706482
416.593791,1000,6232.628691
553.770256,1000,6249.224266
516.268576,1000,6265.800504
463.005223,1000,6282.571426
530.694863,1000,6299.995521
529.712698,1000,6316.834498
557.38323,1000,6333.778808
511.89165,1000,6351.012294
409.409914,1000,6368.163738
475.992193,1000,6384.751082
515.797903,1000,6401.551895
414.088944,1000,6418.438589
448.586345,1000,6435.019132
459.544591,1000,6451.751112
445.397384,1000,6468.788138
441.775879,1000,6485.459447
399.337069,1000,6502.33296
386.875894,1000,6519.261311
479.600002,1000,6536.210459
521.871382,1000,6553.017122
516.667308,1000,6568.945978
531.729209,1000,6585.65856
343.563058,1000,6602.497464
504.78843,1000,6619.471224
483.946244,1000,6636.227164
458.490108,1000,6652.925341
494.916304,1000,6669.703915
471.264972,1000,6686.945667
473.138858,1000,6704.274179
522.131322,1000,6721.514858
473.846789,1000,6738.314324
526.502457,1000,6755.163737
489.711255,1000,6772.079804
454.232941,1000,6789.201228
518.292229,1000,6806.267086
537.593319,1000,6823.127707
508.444575,1000,6840.172507
515.167879,1000,6857.246223
515.851552,1000,6874.058218
476.228263,1000,6890.942214
549.590216,1000,6908.244233
533.199243,1000,6925.436349
554.829103,1000,6941.489191
553.666662,1000,6958.431104
462.27959,1000,6975.541951
487.477879,1000,6992.859357
529.173635,1000,7024.736268
558.635807,1000,7041.938436
311.331846,1000,7058.817195
554.405469,1000,7075.887197
542.505195,1000,7092.45522
453.252953,1000,7109.451077
532.523101,1000,7126.603462
529.877079,1000,7143.003718
507.214177,1000,7160.171977
492.158878,1000,7177.2597
526.327043,1000,7194.666466
500.603874,1000,7211.582431
539.733642,1000,7228.733184
546.367883,1000,7245.400999
540.785132,1000,7262.221068
558.964135,1000,7278.86231
601.824232,1000,7296.067801
556.123814,1000,7312.209206
540.48238,1000,7328.966418
550.840159,1000,7345.474843
503.198242,1000,7362.344211
513.416835,1000,7379.088107
560.514813,1000,7395.900018
517.328484,1000,7412.445349
647.963967,1000,7429.515641
559.235188,1000,7446.206539
532.636789,1000,7463.709355
457.497033,1000,7480.503834
561.591201,1000,7497.319913
532.240977,1000,7514.238842
595.191916,1000,7531.453809
544.361095,1000,7548.616845
642.813765,1000,7565.837891
698.351919,1000,7582.628982
640.935265,1000,7599.330851
670.854752,1000,7616.062006
752.626192,1000,7632.751571
461.422386,1000,7649.31764
708.970008,1000,7665.234108
676.616526,1000,7682.191221
596.161477,1000,7699.053341
683.943921,1000,7715.544731
683.521318,1000,7732.634494
435.332845,1000,7749.366148
527.485424,1000,7766.296499
489.797999,1000,7783.097911
505.755369,1000,7799.843515
677.632284,1000,7816.69519
677.149139,1000,7833.581699
689.352973,1000,7850.603118
715.825922,1000,7867.749486
650.760855,1000,7884.542391
698.145656,1000,7901.203712
672.260842,1000,7917.910155
674.15695,1000,7935.064349
631.623621,1000,7952.252085
693.68431,1000,7969.141716
691.598094,1000,7985.766706
605.740666,1000,8002.782831
692.772745,1000,8020.066529
478.239096,1000,8036.250029
543.438216,1000,8053.075016
681.755737,1000,8069.944453
438.883859,1000,8087.165947
543.336494,1000,8104.129281
649.59187,1000,8120.478609
539.591621,1000,8137.271834
600.957914,1000,8154.067723
690.671712,1000,8170.719842
527.459852,1000,8187.467395
672.638737,1000,8204.47016
621.906796,1000,8221.173248
635.607743,1000,8237.958328
532.730136,1000,8255.065101
601.081725,1000,8271.860242
637.350554,1000,8288.878166
602.089709,1000,8305.93027
622.077418,1000,8322.539112
673.742959,1000,8339.478944
641.904079,1000,8356.390536
578.051431,1000,8372.907966
572.377698,1000,8389.683098
595.712364,1000,8406.619594
620.510429,1000,8423.405437
614.872251,1000,8440.353453
669.133372,1000,8456.956304
654.595566,1000,8473.844424
641.95607,1000,8491.078156
439.027374,1000,8508.267966
591.110399,1000,8525.419507
590.373698,1000,8542.462784
596.036885,1000,8559.466201
612.199009,1000,8576.685203
634.749644,1000,8593.368377
604.652012,1000,8610.263871
660.627067,1000,8627.041932
648.322215,1000,8644.310659
659.26298,1000,8661.243759
692.975716,1000,8678.228778
707.183062,1000,8695.243818
728.638339,1000,8712.419851
496.436521,1000,8729.35983
737.215929,1000,8745.505794
769.061791,1000,8777.965337
440.261075,1000,8794.843061
496.379875,1000,8811.861787
743.997301,1000,8828.724498
699.458542,1000,8845.514518
557.55425,1000,8862.286335
670.987688,1000,8879.319897
723.401568,1000,8896.199585
706.414818,1000,8913.060243
731.359205,1000,8929.995254
681.655417,1000,8947.187001
683.345728,1000,8963.93931
679.930073,1000,8980.712094
688.978837,1000,8997.379752
553.722,1000,9014.412723
643.190365,1000,9031.468602
650.836055,1000,9048.000766
701.677171,1000,9064.831436
640.509578,1000,9081.595081
656.0989,1000,9099.07455
544.630145,1000,9115.963839
597.444747,1000,9132.31809
573.187975,1000,9149.333366
582.540997,1000,9165.868315
702.601143,1000,9182.869583
681.774241,1000,9199.813551
661.043752,1000,9216.682523
697.46195,1000,9233.346392
719.084034,1000,9250.130184
711.215607,1000,9267.2153
708.000109,1000,9284.061327
699.106293,1000,9301.131609
659.59461,1000,9318.776283
627.817139,1000,9335.967964
648.968203,1000,9352.744207
732.764925,1000,9369.853715
560.942423,1000,9386.756787
631.348418,1000,9403.829559
701.369706,1000,9421.264178
668.424468,1000,9437.975916
753.354004,1000,9455.167449
566.956083,1000,9472.01591
487.880598,1000,9487.808877
542.525185,1000,9504.83654
645.796461,1000,9522.584702
644.783252,1000,9539.676238
725.091068,1000,9556.617908
668.554618,1000,9573.605405
722.467965,1000,9591.13611
551.358606,1000,9608.595458
640.859943,1000,9625.251117
656.967784,1000,9641.952357
666.326248,1000,9658.79746
639.465513,1000,9675.966929
699.047135,1000,9692.707715
669.649286,1000,9709.286172
688.363599,1000,9726.827215
696.72366,1000,9743.586114
671.870737,1000,9760.531544
620.614854,1000,9777.39862
697.610045,1000,9794.369508
654.463699,1000,9811.331809
699.989993,1000,9828.08756
704.036903,1000,9844.391613
730.614548,1000,9861.288916
659.127191,1000,9878.265509
708.154595,1000,9895.19694
653.588224,1000,9912.507933
648.928225,1000,9929.309607
572.844114,1000,9946.412492
708.158138,1000,9963.313755
628.732833,1000,9980.352682
629.85203,1000,9997.580907
698.832055,1000,10014.681398
626.357552,1000,10031.339613
731.013676,1000,10048.069521
756.813703,1000,10065.070464
608.183931,1000,10082.536975
597.920236,1000,10099.692491
711.338885,1000,10116.690081
520.29056,1000,10133.435758
760.902798,1000,10150.538466
638.907526,1000,10167.676854
697.750094,1000,10184.717534
738.103276,1000,10201.535084
778.314488,1000,10217.944879
789.556706,1000,10234.720092
722.866837,1000,10251.721803
639.901198,1000,10268.415524
764.018659,1000,10285.416033
588.811899,1000,10302.324357
572.779693,1000,10319.507617
706.964807,1000,10336.371874
605.417679,1000,10353.194565
690.220429,1000,10370.455473
609.77855,1000,10387.375564
799.17636,1000,10404.351448
773.034159,1000,10420.834398
768.353334,1000,10438.146031
693.52092,1000,10455.424306
721.155209,1000,10472.294562
681.768674,1000,10489.125999
720.647171,1000,10521.127095
698.857902,1000,10538.101198
716.502639,1000,10554.931713
721.868108,1000,10571.881664
751.008388,1000,10588.284878
710.240066,1000,10605.216404
725.841839,1000,10622.231822
688.044844,1000,10638.814214
709.599796,1000,10655.636464
780.555827,1000,10672.406569
781.062007,1000,10689.323367
709.456687,1000,10706.173704
699.052964,1000,10723.352132
684.132417,1000,10740.209521
715.022566,1000,10756.888839
712.491015,1000,10773.575789
673.034521,1000,10790.439935
703.845568,1000,10807.477744
698.236492,1000,10824.538585
679.669409,1000,10841.615732
682.988509,1000,10858.470609
694.799369,1000,10875.420257
695.160657,1000,10892.465651
702.850858,1000,10909.539541
737.8126,1000,10926.529823
717.716869,1000,10942.339081
194.140434,1000,10959.119333
689.920532,1000,10976.107398
207.495413,1000,10993.108791
708.532094,1000,11010.159664
763.681617,1000,11027.255209
710.916582,1000,11044.289611
689.040293,1000,11061.199502
684.923102,1000,11077.77459
655.772531,1000,11094.834488
671.13735,1000,11111.708746
702.509406,1000,11128.157632
721.033593,1000,11145.190465
694.225856,1000,11162.299062
698.820785,1000,11179.555178
699.723911,1000,11196.5478
723.009473,1000,11213.317684
674.908317,1000,11230.351899
741.910765,1000,11247.249624
243.364486,1000,11264.037792
754.605015,1000,11280.445725
695.278151,1000,11297.476674
751.821231,1000,11313.663532
768.762003,1000,11330.693738
645.795634,1000,11347.663115
665.863821,1000,11364.555674
596.427434,1000,11381.367943
605.532908,1000,11398.149633
620.579371,1000,11415.03796
685.743151,1000,11431.875946
776.035917,1000,11448.846456
805.400965,1000,11465.636019
650.38519,1000,11482.501607
683.251443,1000,11498.97081
680.858957,1000,11515.786239
718.885056,1000,11532.305279
664.713013,1000,11549.198916
738.652954,1000,11566.232885
719.547363,1000,11583.229818
776.108728,1000,11600.168343
706.872803,1000,11617.055707
728.107309,1000,11633.875069
740.895839,1000,11650.869385
715.853248,1000,11666.715759
770.954995,1000,11683.843994
742.074497,1000,11700.458021
759.902266,1000,11717.896984
792.214684,1000,11735.195385
780.588763,1000,11752.205586
796.65019,1000,11769.207426
764.045235,1000,11786.03595
778.844792,1000,11803.022483
792.476808,1000,11820.311458
794.682465,1000,11837.54787
766.392366,1000,11854.485739
753.743825,1000,11871.246943
729.361279,1000,11888.271503
647.725003,1000,11905.4278
682.209497,1000,11922.90779
757.65452,1000,11940.274528
759.532844,1000,11957.605083
747.772455,1000,11974.127857
741.717904,1000,11991.471114
733.519103,1000,12008.662082
741.085073,1000,12024.919747
719.422384,1000,12041.85661
204.044285,1000,12058.946491
713.514862,1000,12075.70078
706.267056,1000,12092.817939
696.780938,1000,12109.949397
629.729937,1000,12127.053826
713.423081,1000,12144.109325
709.108591,1000,12161.028702
745.3692,1000,12177.746987
778.558905,1000,12194.575712
795.219233,1000,12211.402768
769.251877,1000,12228.57804
754.306174,1000,12260.354415
758.434318,1000,12277.45899
749.203981,1000,12294.217842
739.533478,1000,12311.762034
754.50604,1000,12328.660234
761.085692,1000,12345.686279
765.161475,1000,12362.454184
785.12635,1000,12379.793598
764.492586,1000,12396.913165
764.344444,1000,12412.608329
754.794881,1000,12429.428256
758.300046,1000,12446.511703
763.35954,1000,12463.562786
754.786969,1000,12480.274122
757.79795,1000,12497.153932
769.616138,1000,12513.947242
750.605023,1000,12530.739369
768.117268,1000,12547.571563
739.855002,1000,12564.181708
731.57819,1000,12580.720212
751.987627,1000,12597.774597
752.561109,1000,12614.730218
764.729526,1000,12631.739663
771.27389,1000,12648.321171
761.842413,1000,12665.378645
760.126532,1000,12682.545749
773.030484,1000,12699.50386
758.616751,1000,12716.249793
727.55002,1000,12733.433676
712.838506,1000,12750.183806
746.787021,1000,12766.561939
738.858548,1000,12783.044664
747.519486,1000,12799.964882
758.203562,1000,12817.011994
712.85383,1000,12833.922123
755.710764,1000,12850.702385
741.74678,1000,12868.002638
775.003894,1000,12885.003195
766.909269,1000,12902.020581
747.102627,1000,12918.66389
767.969819,1000,12935.647319
779.490903,1000,12952.348957
737.097156,1000,12969.249165
735.961029,1000,12985.847205
756.24274,1000,13003.170052
758.460561,1000,13020.256759
728.775335,1000,13037.278166
727.613675,1000,13054.647064
750.40319,1000,13071.673308
724.579236,1000,13088.61825
744.872721,1000,13105.383081
732.326507,1000,13121.382885
736.303841,1000,13138.542658
746.112292,1000,13155.919846
732.35935,1000,13173.023495
739.380473,1000,13190.001119
729.137997,1000,13207.38642
721.952664,1000,13224.579547
713.640277,1000,13241.559476
739.381164,1000,13258.343134
752.550825,1000,13275.645545
754.609455,1000,13292.411944
763.564878,1000,13309.439848
761.987082,1000,13326.477919
754.875408,1000,13343.233273
775.91464,1000,13360.703844
757.523219,1000,13377.757377
775.965083,1000,13394.669611
776.528755,1000,13411.712259
731.458406,1000,13428.564286
786.579799,1000,13445.619829
735.651235,1000,13462.585225
783.772291,1000,13479.480831
755.565722,1000,13495.71457
778.451181,1000,13512.594721
799.683514,1000,13529.717496
791.255635,1000,13546.7103
595.550859,1000,13564.209958
767.782661,1000,13581.563831
784.548095,1000,13598.556231
790.044944,1000,13615.927783
801.823277,1000,13632.654056
796.680947,1000,13649.743439
779.729648,1000,13666.610585
759.247506,1000,13683.463658
804.714481,1000,13700.342547
793.691549,1000,13717.262134
801.29308,1000,13734.223133
798.917854,1000,13751.175581
801.577746,1000,13768.047251
819.581337,1000,13785.055573
812.873721,1000,13801.874835
812.116025,1000,13818.7134
807.715082,1000,13835.273915
802.324457,1000,13851.166291
804.608557,1000,13867.723731
778.345443,1000,13885.163746
815.006329,1000,13902.033014
826.303795,1000,13919.078487
809.677804,1000,13936.494667
812.469727,1000,13953.464754
824.751829,1000,13970.570734
825.877588,1000,13987.50028
825.505918,1000,14019.507925
694.308077,1000,14036.583036
668.650717,1000,14053.189495
737.417559,1000,14069.835853
690.318549,1000,14086.4915
845.214542,1000,14103.292373
831.065747,1000,14120.392204
832.716965,1000,14137.287455
829.641017,1000,14154.344419
814.035157,1000,14170.789924
805.992835,1000,14187.618934
795.382062,1000,14204.856219
819.454469,1000,14220.99641
820.837899,1000,14237.763855
785.51202,1000,14254.900028
764.495042,1000,14271.929977
805.002837,1000,14288.801869
675.060227,1000,14305.377415
689.76821,1000,14322.387515
766.126954,1000,14339.121372
816.715249,1000,14356.162642
810.725215,1000,14372.917366
812.747665,1000,14390.025903
815.446454,1000,14406.448926
809.019239,1000,14423.349076
810.041035,1000,14440.150307
807.792237,1000,14456.839711
814.39632,1000,14473.626659
815.28665,1000,14490.718523
809.032044,1000,14507.525359
815.3822,1000,14524.191956
783.801243,1000,14541.082881
722.031716,1000,14558.197437
798.108574,1000,14575.392015
806.941261,1000,14591.706027
790.999788,1000,14608.65403
798.862957,1000,14625.41673
819.669048,1000,14642.695088
816.524119,1000,14659.371587
834.441571,1000,14676.152056
772.417388,1000,14692.464513
753.802379,1000,14709.364064
755.470691,1000,14726.119663
759.779119,1000,14742.805271
742.018915,1000,14759.48355
783.328246,1000,14776.000794
809.159087,1000,14792.839701
841.217271,1000,14809.643253
825.910384,1000,14826.696917
836.955265,1000,14843.618823
827.761115,1000,14860.514918
821.426488,1000,14877.149658
810.240473,1000,14893.663928
797.078142,1000,14910.431591
782.172393,1000,14927.017298
782.417855,1000,14942.74439
799.536788,1000,14959.757912
827.610103,1000,14976.590643
831.016025,1000,14993.639982
834.863333,1000,15010.695725
843.628282,1000,15027.579088
845.402997,1000,15044.68179
828.228831,1000,15061.447592
850.716614,1000,15078.726191
833.380701,1000,15095.807178
841.932475,1000,15113.205062
841.594774,1000,15130.215051
838.889825,1000,15147.6433
839.847841,1000,15164.432236
849.714077,1000,15181.441236
820.883793,1000,15198.507188
806.361365,1000,15216.114311
820.350273,1000,15233.20436
813.043325,1000,15250.02434
819.458607,1000,15267.289712
814.022426,1000,15284.128103
812.920929,1000,15299.989884
814.594092,1000,15316.807437
823.271112,1000,15333.543581
828.893261,1000,15350.562019
815.9246,1000,15367.365849
770.015786,1000,15383.736377
320.67015,1000,15400.82928
756.698701,1000,15417.590043
781.580079,1000,15434.517838
781.638374,1000,15451.344936
781.778479,1000,15468.237006
793.546008,1000,15484.900884
810.528549,1000,15501.92643
819.211997,1000,15519.02259
828.126575,1000,15535.965532
823.741768,1000,15553.134162
786.133087,1000,15570.005995
785.196564,1000,15586.84387
774.778245,1000,15604.048835
808.328284,1000,15621.34715
620.603451,1000,15638.40802
794.81096,1000,15655.266784
785.746686,1000,15671.795727
775.855392,1000,15688.783911
793.829874,1000,15705.987887
216.325379,1000,15723.043476
588.81077,1000,15755.120249
794.054188,1000,15772.238276
794.664885,1000,15789.20644
792.605517,1000,15806.564191
808.213804,1000,15823.933926
814.415221,1000,15840.964169
825.108061,1000,15857.929153
828.360051,1000,15874.894861
834.970626,1000,15891.995211
828.948886,1000,15909.075485
793.517306,1000,15926.015818
230.613233,1000,15942.833697
811.30854,1000,15959.791581
820.610897,1000,15977.044985
836.376036,1000,15994.377504
825.410875,1000,16011.545913
818.251686,1000,16028.625126
824.297838,1000,16044.554359
817.239544,1000,16061.263972
755.184856,1000,16078.011707
800.689718,1000,16094.848788
230.391664,1000,16112.184319
784.746264,1000,16129.459496
777.078048,1000,16146.609274
618.332779,1000,16163.517609
228.484758,1000,16180.540792
468.846014,1000,16197.409305
785.804942,1000,16214.243517
795.024125,1000,16231.0346
246.083246,1000,16247.997298
792.609069,1000,16265.145312
763.428223,1000,16281.601981
803.909917,1000,16298.004503
229.14501,1000,16315.128953
801.721543,1000,16331.713321
796.314516,1000,16348.691585
814.040014,1000,16365.610012
805.156407,1000,16382.828199
818.0265,1000,16398.746878
824.917528,1000,16415.732467
841.64309,1000,16432.664994
856.895014,1000,16449.412003
836.454158,1000,16466.488934
846.729673,1000,16483.486297
838.726332,1000,16499.933745
835.583197,1000,16516.960929
851.544243,1000,16534.127519
852.868219,1000,16550.927745
852.667649,1000,16568.230712
857.687456,1000,16585.199001
860.423027,1000,16602.19572
847.019952,1000,16618.999062
846.902856,1000,16635.566674
837.076248,1000,16652.417498
841.210923,1000,16669.297519
835.811343,1000,16686.487944
835.466636,1000,16703.788676
847.528206,1000,16720.589147
845.626325,1000,16737.417786
839.245428,1000,16754.573854
826.902322,1000,16770.743539
816.875812,1000,16787.389282
820.998126,1000,16804.019961
827.760382,1000,16821.189287
839.126823,1000,16838.076541
839.829287,1000,16855.070906
836.567948,1000,16872.256094
826.133427,1000,16889.129527
810.807059,1000,16905.815568
827.508957,1000,16923.059306
826.96436,1000,16939.906206
820.880249,1000,16956.413493
828.839387,1000,16973.578364
820.692207,1000,16990.478271
844.156217,1000,17007.710826
850.616184,1000,17024.719739
849.161192,1000,17041.638396
848.085215,1000,17058.489016
843.883141,1000,17075.625742
833.409062,1000,17092.756336
824.487527,1000,17109.86374
791.700577,1000,17126.060894
801.596908,1000,17142.661012
816.366733,1000,17159.865318
818.533532,1000,17176.88962
814.766351,1000,17193.571989
824.77279,1000,17210.542481
818.711655,1000,17227.631921
831.035204,1000,17244.398028
826.710277,1000,17261.201415
833.379066,1000,17278.319753
824.517956,1000,17295.352444
834.324023,1000,17312.447963
836.058144,1000,17329.207988
812.021277,1000,17345.760475
813.41127,1000,17362.55157
197.012833,1000,17379.396832
787.502506,1000,17396.319994
711.637266,1000,17413.234098
181.640544,1000,17430.23899
221.039593,1000,17447.13966
780.521956,1000,17463.998223
817.577612,1000,17479.787943
831.798939,1000,17511.630081
203.939131,1000,17528.457956
683.997717,1000,17545.319921
210.081442,1000,17561.989775
266.783351,1000,17579.182314
235.217717,1000,17596.098695
796.028754,1000,17613.756005
794.779939,1000,17630.617053
193.34972,1000,17647.823719
762.872053,1000,17664.315767
778.881991,1000,17681.318233
225.699495,1000,17698.173948
793.464701,1000,17715.160371
806.448906,1000,17731.97554
787.961324,1000,17748.981496
821.560962,1000,17765.764361
616.402751,1000,17782.39926
446.378859,1000,17799.018526
800.319844,1000,17815.807175
652.790476,1000,17832.737619
817.319254,1000,17849.172192
827.500975,1000,17865.444993
829.155167,1000,17882.473438
848.45043,1000,17899.397253
854.756187,1000,17916.334393
847.057068,1000,17933.186422
851.131717,1000,17949.873676
853.808875,1000,17966.725674
858.060817,1000,17983.632202
859.201284,1000,18000.368325
860.044724,1000,18017.219583
856.919326,1000,18034.312129
843.364481,1000,18051.315597
838.25476,1000,18068.207234
835.947461,1000,18085.071447
828.237693,1000,18101.938785
841.752804,1000,18118.810201
835.717505,1000,18135.542834
841.775175,1000,18152.190069
831.284666,1000,18169.48729
844.218264,1000,18186.929713
828.366468,1000,18204.028145
830.496123,1000,18220.025442
825.086171,1000,18236.564325
832.859205,1000,18253.819623
808.264914,1000,18270.934098
566.023794,1000,18287.809936
780.56581,1000,18304.348197
778.778527,1000,18321.316997
800.430325,1000,18338.200573
798.746075,1000,18355.381881
802.670453,1000,18372.029025
794.828369,1000,18388.726878
799.954859,1000,18405.75327
811.360901,1000,18422.933024
806.260935,1000,18439.932277
810.405758,1000,18456.730769
816.313539,1000,18473.637058
797.36899,1000,18490.26361
801.687141,1000,18506.699553
201.320234,1000,18523.492277
792.947152,1000,18540.657647
811.91778,1000,18557.453144
817.735374,1000,18573.801689
813.930901,1000,18590.720853
212.653805,1000,18607.297904
494.064025,1000,18624.158173
786.403084,1000,18640.731331
212.316259,1000,18658.051774
269.47184,1000,18675.11033
807.510565,1000,18691.878936
571.071529,1000,18708.637344
569.365837,1000,18725.793669
820.960698,1000,18742.045972
829.103096,1000,18759.18444
826.78652,1000,18776.294748
828.32855,1000,18792.902358
825.598385,1000,18810.20135
824.658094,1000,18827.100775
840.884754,1000,18843.633372
822.396362,1000,18860.623563
839.113703,1000,18877.383351
839.311108,1000,18894.047734
827.968555,1000,18910.805279
243.775905,1000,18927.787082
831.120684,1000,18943.471254
793.571466,1000,18960.228044
119.055344,1000,18977.122529
805.246365,1000,18994.006388
664.641531,1000,19010.956289
824.312126,1000,19027.769606
819.453981,1000,19044.733189
803.014466,1000,19061.338722
814.345537,1000,19078.41395
787.180508,1000,19095.237989
590.238337,1000,19112.283746
814.284306,1000,19129.207612
822.297706,1000,19146.389808
232.424455,1000,19163.357812
599.43907,1000,19180.139945
832.016391,1000,19197.271602
837.739248,1000,19214.174336
825.532787,1000,19245.84979
592.904975,1000,19262.907935
594.506006,1000,19279.820876
827.2663,1000,19296.599909
832.546504,1000,19312.805833
834.962468,1000,19329.6138
707.062039,1000,19346.510426
279.575852,1000,19363.589615
693.887192,1000,19380.514344
695.68277,1000,19397.429842
243.467287,1000,19414.721676
239.050888,1000,19431.733145
711.001823,1000,19448.654949
246.65231,1000,19465.978973
567.869028,1000,19482.70374
462.52789,1000,19499.587809
694.704076,1000,19516.382226
686.112671,1000,19533.322146
682.462314,1000,19550.024112
684.906146,1000,19566.984486
669.267656,1000,19583.544433
564.173354,1000,19600.316413
693.972358,1000,19617.19751
802.552109,1000,19634.141716
655.136117,1000,19651.200621
835.186542,1000,19666.883287
846.431855,1000,19683.61825
69.974962,1000,19700.708162
71.011818,1000,19717.441489
71.221998,1000,19734.656888
69.337226,1000,19751.738541
72.362903,1000,19768.687526
64.387014,1000,19785.434474
66.157558,1000,19802.310369
70.957195,1000,19819.255754
65.036207,1000,19836.506001
61.632313,1000,19853.831118
61.835272,1000,19871.025782
66.111386,1000,19888.214288
62.318966,1000,19905.405046
56.557595,1000,19922.553815
60.396279,1000,19939.518608
61.098558,1000,19956.913759
62.991762,1000,19974.172421
55.440085,1000,19991.191676
54.005599,1000,20008.188229
64.288109,1000,20025.159451
61.819039,1000,20041.285114
65.496193,1000,20058.450243
61.679415,1000,20075.165441
60.104145,1000,20092.087936
60.33546,1000,20108.671765
53.62733,1000,20125.425964
58.122407,1000,20142.182126
49.564466,1000,20159.167804
50.11684,1000,20176.105788
56.297974,1000,20193.414693
161.155662,1000,20210.343837
174.573863,1000,20227.43403
734.162848,1000,20244.609988
732.06655,1000,20261.779213
81.324307,1000,20279.166026
173.117586,1000,20296.043517
585.752714,1000,20313.116291
167.072161,1000,20329.671162
162.320586,1000,20346.275792
590.687296,1000,20363.569226
161.356273,1000,20380.498238
163.353465,1000,20396.614012
166.928395,1000,20413.468088
163.604348,1000,20430.670999
399.831213,1000,20447.50626
100.76721,1000,20464.697516
92.660629,1000,20481.971691
86.198362,1000,20498.881306
117.777672,1000,20515.579332
128.992367,1000,20532.469463
104.607499,1000,20549.192698
711.579784,1000,20566.180922
410.490321,1000,20582.667688
725.849721,1000,20599.604088
209.540836,1000,20616.49174
269.037501,1000,20633.442195
186.781739,1000,20650.216498
188.938409,1000,20667.22822
204.159359,1000,20684.063734
287.641425,1000,20701.415624
779.480419,1000,20718.005891
542.263124,1000,20735.083736
660.433995,1000,20751.279453
775.057271,1000,20768.101306
765.378949,1000,20784.954108
758.331953,1000,20801.676471
211.732418,1000,20818.745577
782.091579,1000,20835.44847
765.898696,1000,20852.306025
767.521802,1000,20868.998291
798.898205,1000,20885.777387
803.166855,1000,20902.501638
354.360092,1000,20919.182168
802.819608,1000,20935.688643
207.739783,1000,20952.858701
429.301597,1000,20985.028336
264.889362,1000,21001.777769
792.628465,1000,21018.513763
800.911392,1000,21035.293983
775.685868,1000,21052.423926
87.41852,1000,21069.36267
72.242936,1000,21086.469918
55.204563,1000,21103.56014
55.138891,1000,21120.950515
48.210264,1000,21137.030267
44.762554,1000,21154.055037
57.859253,1000,21170.60222
50.386018,1000,21187.567374
91.07102,1000,21204.343478
81.098615,1000,21221.662774
345.633174,1000,21238.39197
208.994617,1000,21255.640397
479.710946,1000,21272.563682
509.771252,1000,21289.58216
205.219638,1000,21306.497878
203.83106,1000,21323.13839
96.287957,1000,21339.859519
645.261487,1000,21356.856129
658.550038,1000,21374.177887
198.189052,1000,21391.335373
208.639218,1000,21408.406121
221.626095,1000,21425.45142
207.858295,1000,21442.434903
221.302676,1000,21459.475546
694.645388,1000,21476.555911
638.910049,1000,21492.387818
201.362484,1000,21509.49578
196.771479,1000,21526.385194
703.026029,1000,21543.528105
96.893163,1000,21561.079817
210.260207,1000,21578.368154
191.388421,1000,21595.14365
192.462266,1000,21612.215603
190.537949,1000,21629.130224
689.202075,1000,21646.201587
196.533306,1000,21663.427677
188.56272,1000,21680.571573
236.057955,1000,21697.666441
211.067223,1000,21714.676953
100.96682,1000,21732.044219
221.25875,1000,21749.32597
188.409947,1000,21766.665618
207.473245,1000,21784.089868
706.870414,1000,21801.344943
203.290391,1000,21818.303598
754.005117,1000,21835.643823
773.703386,1000,21851.698555
534.553295,1000,21868.780108
651.134317,1000,21886.118097
209.252523,1000,21903.646649
735.3973,1000,21920.569722
772.046635,1000,21937.268617
770.417699,1000,21954.303768
774.452348,1000,21971.10061
780.93097,1000,21987.912189
797.693369,1000,22004.850932
791.180778,1000,22021.462943
792.879038,1000,22038.378693
796.21911,1000,22055.106334
183.449647,1000,22072.112666
738.283341,1000,22089.031779
763.639862,1000,22106.336689
766.321804,1000,22123.255888
211.91767,1000,22140.37816
195.135172,1000,22157.084458
159.9607,1000,22174.310244
192.65392,1000,22191.196773
158.772818,1000,22207.78313
757.987472,1000,22223.937903
591.935523,1000,22241.246678
159.091365,1000,22258.179861
217.848521,1000,22275.647563
699.643847,1000,22292.436774
437.618288,1000,22309.289875
718.169929,1000,22326.279208
192.807567,1000,22343.025693
159.845281,1000,22359.992334
159.878437,1000,22376.784203
164.285983,1000,22393.430114
164.736298,1000,22410.548312
159.687372,1000,22427.681376
209.908464,1000,22444.937522
670.648051,1000,22461.652807
207.926357,1000,22478.407775
173.47224,1000,22495.525841
408.809973,1000,22512.641088
167.404129,1000,22529.616021
493.228127,1000,22546.786643
585.514688,1000,22563.851287
221.801744,1000,22579.988196
117.786119,1000,22596.873983
324.730931,1000,22613.679399
271.738973,1000,22630.617259
676.538224,1000,22647.281296
190.932316,1000,22664.236716
401.729415,1000,22681.108051
197.019935,1000,22698.054734
718.401581,1000,22715.124473
189.848086,1000,22746.792486
488.915368,1000,22763.895367
208.460357,1000,22780.884565
189.016787,1000,22797.715727
641.891429,1000,22814.82409
723.402062,1000,22831.687718
707.742989,1000,22848.787422
740.022298,1000,22865.330681
622.237054,1000,22882.398741
635.504791,1000,22899.414977
743.491707,1000,22916.324793
736.284643,1000,22933.200771
717.082085,1000,22948.960438
712.956873,1000,22965.408661
167.1697,1000,22982.538485
69.390442,1000,22999.539429
61.291718,1000,23016.672474
67.97999,1000,23033.840585
63.516118,1000,23050.611124
63.888932,1000,23067.515966
73.802687,1000,23084.483191
74.521132,1000,23101.718048
80.918737,1000,23118.805929
78.563549,1000,23136.067019
77.802381,1000,23152.926637
75.347756,1000,23170.331237
75.341919,1000,23187.165797
71.462449,1000,23203.948909
82.021763,1000,23220.866637
80.429368,1000,23238.060512
74.5667,1000,23254.963196
76.349195,1000,23272.007788
76.74498,1000,23289.089523
70.491102,1000,23305.703159
73.196345,1000,23321.863658
77.191946,1000,23338.804586
76.379297,1000,23355.953556
65.109865,1000,23373.357297
71.758152,1000,23390.51917
61.005271,1000,23407.983667
61.689649,1000,23425.139184
64.78166,1000,23442.109883
59.786178,1000,23459.360322
58.292889,1000,23476.69006
59.982666,1000,23493.690824
58.386696,1000,23510.847637
62.854154,1000,23527.754603
63.028836,1000,23544.854015
58.893279,1000,23561.753689
61.83854,1000,23578.881653
64.061161,1000,23595.353371
59.328463,1000,23612.59625
59.007477,1000,23629.711144
61.137379,1000,23646.870835
60.541761,1000,23663.992376
59.285462,1000,23680.108353
62.694945,1000,23697.013805
59.366526,1000,23714.277191
56.834928,1000,23731.60382
59.179448,1000,23748.615992
62.483778,1000,23765.616297
69.748269,1000,23782.559089
184.916728,1000,23799.797855
177.297475,1000,23816.972682
676.573974,1000,23833.817856
675.656716,1000,23850.400622
482.399471,1000,23867.431338
565.982999,1000,23884.927086
622.253206,1000,23902.365528
658.432826,1000,23919.335868
403.873611,1000,23936.727721
211.16812,1000,23954.212262
341.126497,1000,23971.930666
167.179867,1000,23989.368254
252.213364,1000,24006.400049
320.389051,1000,24024.159456
400.026248,1000,24039.93681
179.141742,1000,24056.992257
178.890643,1000,24074.089569
174.575677,1000,24090.776111
167.842485,1000,24107.827559
165.299369,1000,24124.925305
168.636554,1000,24142.162239
179.393757,1000,24159.106734
179.590636,1000,24175.936194
186.247204,1000,24192.539506
331.444325,1000,24210.134461
643.885714,1000,24227.231582
510.64292,1000,24243.847856
588.074924,1000,24260.972903
645.752648,1000,24278.05614
200.619149,1000,24294.929883
592.257121,1000,24311.962168
183.130682,1000,24328.928743
674.723853,1000,24345.855779
572.947,1000,24363.025962
619.116525,1000,24380.074231
650.738836,1000,24397.098941
634.393627,1000,24413.114218
765.915401,1000,24430.103265
778.396928,1000,24447.180828
769.550819,1000,24464.085063
734.267654,1000,24495.707534
632.90974,1000,24512.450063
724.69776,1000,24529.491074
530.167047,1000,24546.284136
206.117235,1000,24563.398255
221.571373,1000,24580.47379
618.854145,1000,24597.488777
584.667444,1000,24614.206729
693.687255,1000,24630.661375
718.44951,1000,24647.49407
599.933361,1000,24664.773103
737.330282,1000,24682.097187
101.056308,1000,24698.915121
737.34945,1000,24715.775966
744.540891,1000,24732.939554
378.31509,1000,24750.169565
761.702576,1000,24767.215725
246.822814,1000,24783.168741
756.191042,1000,24800.312679
736.666887,1000,24817.475586
755.805897,1000,24834.567666
743.855374,1000,24851.728991
622.808755,1000,24868.195319
734.383719,1000,24885.490213
732.679822,1000,24902.647202
126.308541,1000,24919.079144
742.904748,1000,24936.215755
730.453817,1000,24953.020447
406.952548,1000,24970.161508
749.483187,1000,24987.656798
765.083774,1000,25004.445002
762.435075,1000,25021.028105
228.489547,1000,25038.098122
774.90638,1000,25055.554786
767.836667,1000,25072.690112
222.627115,1000,25089.880863
710.233188,1000,25107.147985
756.402011,1000,25124.355797
216.768321,1000,25140.581697
134.401471,1000,25157.458673
104.94263,1000,25175.024953
130.245274,1000,25192.465565
613.791834,1000,25209.852136
731.87756,1000,25226.950311
709.196814,1000,25244.470851
752.072621,1000,25261.965041
747.274489,1000,25279.006418
219.721985,1000,25296.395273
192.309109,1000,25313.230583
214.525971,1000,25330.456702
216.62346,1000,25347.418961
728.962414,1000,25364.471779
662.936448,1000,25381.916736
736.892113,1000,25399.077752
718.842457,1000,25416.273751
722.191185,1000,25433.034032
607.753309,1000,25450.428211
751.799095,1000,25467.232321
782.613585,1000,25483.776423
754.568472,1000,25500.877478
763.883922,1000,25516.968002
782.804533,1000,25534.222779
152.848199,1000,25551.786886
152.305943,1000,25569.193816
148.505369,1000,25586.017277
149.852215,1000,25602.952754
148.991286,1000,25620.390245
149.229471,1000,25638.216423
147.945219,1000,25658.075746
145.981939,1000,25676.001248
152.774197,1000,25693.271733
152.809247,1000,25710.290072
144.549711,1000,25727.482717
148.590218,1000,25744.433674
146.720089,1000,25761.510523
148.489184,1000,25778.810979
144.985848,1000,25795.529859
142.281997,1000,25812.48671
151.415127,1000,25829.451395
152.137329,1000,25846.828923
153.729087,1000,25863.964745
162.312684,1000,25879.976073
165.883291,1000,25897.262257
198.510896,1000,25914.340537
173.396659,1000,25931.235346
167.554641,1000,25948.501676
155.175473,1000,25965.345491
158.594904,1000,25982.485524
154.326342,1000,25999.872952
160.811613,1000,26017.049608
156.477903,1000,26033.918128
154.488382,1000,26050.689414
156.882538,1000,26068.026542
159.375063,1000,26085.151859
161.388256,1000,26101.966174
161.732323,1000,26118.781572
159.946044,1000,26135.975761
154.093474,1000,26153.372547
285.018482,1000,26170.099774
369.941009,1000,26187.191412
597.897125,1000,26204.278528
610.819646,1000,26221.268814
599.199983,1000,26236.89436
608.867503,1000,26269.301416
678.632039,1000,26286.071431
681.491146,1000,26302.807097
702.326348,1000,26319.976793
682.081721,1000,26337.128906
686.715905,1000,26354.747746
698.440694,1000,26372.22426
767.598623,1000,26389.643451
672.366716,1000,26406.462578
774.994617,1000,26423.338903
777.823318,1000,26440.403218
784.098366,1000,26457.523677
784.382749,1000,26474.356992
791.90925,1000,26490.953203
783.707293,1000,26507.798216
801.577169,1000,26524.675871
803.223334,1000,26541.43817
782.807636,1000,26558.625304
785.440245,1000,26575.377228
792.183887,1000,26592.431744
791.56963,1000,26609.329119
799.126366,1000,26625.384385
671.540689,1000,26643.437475
227.779623,1000,26662.770039
692.164146,1000,26680.087722
246.397738,1000,26697.064333
693.540893,1000,26713.834502
696.584275,1000,26730.756233
666.223878,1000,26748.190968
261.9645,1000,26765.482052
767.271441,1000,26782.248761
691.981197,1000,26798.926166
694.67011,1000,26815.937764
326.49022,1000,26833.072785
785.301745,1000,26849.849423
784.310418,1000,26866.988899
794.581493,1000,26884.020157
779.320481,1000,26901.299632
785.444494,1000,26918.350401
790.516054,1000,26935.439685
798.18288,1000,26952.801031
801.774749,1000,26969.603842
799.630788,1000,26985.985287
801.051595,1000,27002.970311
788.173188,1000,27020.029873
781.895285,1000,27037.326514
769.817227,1000,27054.415761
243.555632,1000,27071.425354
676.546473,1000,27088.646301
793.546018,1000,27105.841224
701.477229,1000,27123.025467
278.963953,1000,27140.6041
764.064575,1000,27157.80152
769.694337,1000,27174.875316
706.257673,1000,27192.178199
716.193188,1000,27209.2753
766.205345,1000,27226.537631
798.84436,1000,27243.543525
804.679483,1000,27260.501916
797.146341,1000,27277.455223
850.838887,1000,27294.477674
819.875711,1000,27311.793665
821.17106,1000,27328.609926
826.81678,1000,27344.805346
826.424345,1000,27361.951693
163.307274,1000,27378.775979
382.284504,1000,27396.003743
750.908542,1000,27413.06261
751.531512,1000,27430.52601
760.671542,1000,27447.502411
828.601145,1000,27464.390584
783.810662,1000,27481.806464
817.686422,1000,27499.099924
833.067083,1000,27516.19525
846.812435,1000,27533.088127
842.150396,1000,27550.350552
850.245299,1000,27567.365597
819.716998,1000,27584.58874
819.184368,1000,27601.9332
813.547763,1000,27618.982137
825.551247,1000,27635.51033
817.647834,1000,27652.69695
823.659695,1000,27669.879644
817.402532,1000,27687.110383
807.004617,1000,27704.1505
797.268123,1000,27720.4162
230.080709,1000,27737.629106
229.345388,1000,27755.166073
553.851567,1000,27772.083731
701.970866,1000,27788.983405
668.146787,1000,27805.977171
245.072083,1000,27822.960458
312.823472,1000,27839.876771
244.99962,1000,27856.938035
252.609529,1000,27874.356473
250.594735,1000,27891.843579
730.496192,1000,27909.007663
370.203046,1000,27926.209042
756.450536,1000,27943.48213
736.845691,1000,27960.809474
309.262708,1000,27977.997271
751.70399,1000,27994.79136
743.499274,1000,28027.351769
718.989544,1000,28044.705314
292.29993,1000,28061.454043
263.588434,1000,28078.659723
330.635755,1000,28094.872558
301.926842,1000,28111.802316
750.7605,1000,28128.985519
777.983804,1000,28146.278231
806.623621,1000,28163.577685
697.727942,1000,28183.708274
613.482716,1000,28200.954068
616.058956,1000,28218.437494
615.977155,1000,28235.527341
720.731027,1000,28253.068389
709.184872,1000,28270.534341
692.368452,1000,28287.606722
729.464084,1000,28304.669696
728.805323,1000,28322.147988
721.165116,1000,28339.262573
726.794612,1000,28356.468163
720.253565,1000,28373.315719
724.852493,1000,28390.188468
627.870863,1000,28406.961755
705.022957,1000,28424.483674
714.456971,1000,28441.773551
708.944927,1000,28457.833331
704.192275,1000,28474.865027
631.846912,1000,28491.984748
648.508605,1000,28509.219465
248.480528,1000,28526.302199
646.40273,1000,28543.55759
643.127174,1000,28560.595505
641.923518,1000,28577.310019
567.611498,1000,28594.601562
328.003476,1000,28611.834785
611.889893,1000,28628.823495
641.004999,1000,28645.51273
624.044892,1000,28662.353556
642.841383,1000,28679.335966
627.689742,1000,28695.924988
618.508934,1000,28713.18375
581.225981,1000,28730.324867
650.011756,1000,28747.277748
688.062956,1000,28764.546356
636.689055,1000,28781.653051
648.551037,1000,28798.81979
639.236769,1000,28816.065036
637.544321,1000,28832.346982
713.169088,1000,28849.539477
632.829094,1000,28866.80212
587.160189,1000,28883.997733
633.424468,1000,28901.207958
676.075589,1000,28918.405927
642.639231,1000,28935.373341
707.451869,1000,28952.797981
706.894108,1000,28969.92503
705.876091,1000,28987.387961
622.94696,1000,29004.723119
699.136543,1000,29021.582226
716.234367,1000,29038.667617
726.590169,1000,29055.651686
719.377208,1000,29072.668199
731.704908,1000,29089.64283
771.746125,1000,29106.713381
779.271122,1000,29123.778407
749.217031,1000,29140.955027
780.232222,1000,29158.067299
772.977702,1000,29175.023672
782.674056,1000,29191.121169
795.425923,1000,29208.209748
808.136833,1000,29225.566415
811.849421,1000,29242.573436
800.934409,1000,29259.923891
810.506125,1000,29277.283402
782.637919,1000,29294.57856
782.183481,1000,29311.37205
769.361353,1000,29328.46634
696.61593,1000,29345.448299
694.792674,1000,29362.422575
707.525455,1000,29379.449351
712.521329,1000,29396.751774
722.187529,1000,29413.978811
714.948321,1000,29430.957299
731.161529,1000,29448.277686
724.364809,1000,29465.369977
711.66262,1000,29482.661572
679.90232,1000,29499.825321
661.894701,1000,29516.868469
732.918682,1000,29534.56367
720.136512,1000,29550.99216
732.942194,1000,29568.413297
731.540947,1000,29585.763626
708.981383,1000,29602.658118
733.011416,1000,29619.485628
729.375173,1000,29636.933516
723.517361,1000,29654.101779
713.689869,1000,29671.099782
713.989851,1000,29687.806262
243.19932,1000,29704.890419
726.162878,1000,29722.204645
727.910258,1000,29739.519889
720.674746,1000,29756.633385
735.042626,1000,29788.861894
739.080445,1000,29805.665708
721.884332,1000,29822.636317
729.178315,1000,29839.557792
717.035469,1000,29856.767338
689.08092,1000,29873.828349
700.912109,1000,29891.21542
782.679422,1000,29908.443779
788.577667,1000,29925.41159
284.85238,1000,29941.464628
792.401609,1000,29958.531701
811.728082,1000,29976.054979
807.402749,1000,29992.954001
812.35078,1000,30010.119725
805.613941,1000,30027.094273
800.699914,1000,30044.354094
808.155663,1000,30061.34867
819.541595,1000,30078.728939
817.033383,1000,30098.80067
799.819259,1000,30116.763788
804.114426,1000,30133.531521
813.851017,1000,30145.028091
804.073368,1000,30156.697998
830.673397,1000,30168.38508
829.062109,1000,30181.310415
817.829104,1000,30193.591719
817.241103,1000,30204.853781
824.519726,1000,30216.224704
847.8779,1000,30227.396841
833.468775,1000,30240.173403
830.452248,1000,30252.160458
840.185005,1000,30263.870713
827.527618,1000,30275.716449
827.8069,1000,30287.478889
808.090069,1000,30299.813128
837.052694,1000,30312.309754
837.373613,1000,30325.505142
829.899015,1000,30338.808721
835.886738,1000,30351.390333
836.654247,1000,30363.208136
831.897812,1000,30374.62205
834.322251,1000,30386.442595
825.492623,1000,30397.901452
707.823461,1000,30409.268916
834.84646,1000,30420.655445
835.863523,1000,30432.742408
797.887492,1000,30446.75897
802.035979,1000,30458.741889
682.207206,1000,30470.027858
700.660606,1000,30482.100011
706.974609,1000,30494.566392
676.383181,1000,30505.807883
792.874919,1000,30517.89423
686.329022,1000,30530.773304
804.063149,1000,30541.993819
798.483329,1000,30553.294934
802.095208,1000,30564.437045
798.688424,1000,30575.341996
793.971986,1000,30586.560603
791.259342,1000,30597.729624
678.995211,1000,30609.052056
704.544097,1000,30620.038544
719.086044,1000,30631.318332
812.383223,1000,30642.332604
703.507391,1000,30653.600784
805.291182,1000,30664.708256
803.768406,1000,30675.823493
807.202809,1000,30686.868508
813.176476,1000,30698.032043
816.487293,1000,30709.134484
684.970901,1000,30720.0254
682.254249,1000,30730.980043
812.451087,1000,30742.097207
812.609247,1000,30752.609263
792.669866,1000,30763.894932
819.627018,1000,30775.130688
831.31078,1000,30786.190474
695.834995,1000,30797.443774
573.88305,1000,30808.587518
801.007975,1000,30819.730356
685.346282,1000,30830.774157
692.336041,1000,30841.942728
801.550786,1000,30854.731417
804.368854,1000,30866.351328
785.136123,1000,30879.416721
814.320762,1000,30890.683988
815.188062,1000,30902.473104
838.408752,1000,30914.130314
834.799688,1000,30926.277297
838.280378,1000,30938.3617
848.670781,1000,30950.966591
841.051734,1000,30962.16904
847.22419,1000,30974.50317
834.353293,1000,30987.61952
838.999769,1000,30998.097888
848.767337,1000,31009.436116
844.822032,1000,31021.015797
849.11655,1000,31032.460125
851.561572,1000,31044.115553
739.024329,1000,31055.828353
748.790906,1000,31067.634526
654.533547,1000,31079.476338
195.625212,1000,31090.688793
616.760624,1000,31112.344996
629.655489,1000,31123.630578
739.961326,1000,31134.64397
718.823987,1000,31145.748138
737.010302,1000,31156.699913
743.597978,1000,31167.719593
755.984926,1000,31178.657486
651.587684,1000,31189.515506
640.823103,1000,31200.596808
201.373971,1000,31211.714891
624.491082,1000,31223.036699
147.054762,1000,31234.057104
240.290643,1000,31244.253242
192.0588,1000,31255.482483
198.555741,1000,31266.745893
258.242976,1000,31277.784477
195.796797,1000,31289.17135
562.535606,1000,31300.401699
527.929677,1000,31311.452754
652.486772,1000,31322.465798
325.863905,1000,31333.579987
572.651065,1000,31344.622735
572.525892,1000,31355.63868
192.281128,1000,31366.782058
452.877647,1000,31377.867974
191.143546,1000,31388.963897
566.243703,1000,31399.864215
229.501574,1000,31411.128453
178.377807,1000,31422.083778
690.904243,1000,31433.230999
348.957814,1000,31444.210279
650.73964,1000,31455.154579
179.992358,1000,31466.117992
273.470842,1000,31477.653297
182.826276,1000,31488.10149
244.834065,1000,31499.678084
680.669484,1000,31511.504411
316.291429,1000,31524.610327
618.795036,1000,31535.769727
273.006792,1000,31547.096141
362.322598,1000,31558.301252
609.854295,1000,31569.538538
182.910479,1000,31580.660228
732.808971,1000,31591.856381
730.215217,1000,31603.919089
366.229933,1000,31616.293789
729.030025,1000,31629.00506
680.030425,1000,31642.015674
619.074886,1000,31653.79092
741.924254,1000,31666.827715
740.673041,1000,31679.100411
651.341101,1000,31690.929247
706.822996,1000,31701.77301
628.951769,1000,31712.830531
268.611003,1000,31723.921441
629.996481,1000,31734.339788
682.488055,1000,31745.397048
180.291156,1000,31756.39965
193.956377,1000,31768.404788
365.619717,1000,31779.664993
178.642907,1000,31791.184271
640.66716,1000,31802.267128
728.135451,1000,31813.498226
730.432778,1000,31824.754833
732.128044,1000,31836.14009
729.21617,1000,31847.325137
709.681479,1000,31858.53465
731.533669,1000,31870.040265
719.113314,1000,31881.462607
735.868106,1000,31892.780164
188.263914,1000,31904.188529
727.975975,1000,31915.326836
732.59762,1000,31926.607524
737.264043,1000,31938.399799
723.275142,1000,31949.683638
733.167118,1000,31960.960854
727.432148,1000,31971.513629
258.47567,1000,31983.095104
232.642266,1000,31994.412762
203.27755,1000,32005.677765
752.793368,1000,32016.804793
605.662451,1000,32028.087418
765.923569,1000,32039.390415
787.760347,1000,32050.63079
486.312018,1000,32062.065351
543.84888,1000,32073.264942
562.251777,1000,32084.692375
261.117273,1000,32096.190143
250.359139,1000,32107.55786
789.048649,1000,32118.59599
793.234377,1000,32129.783761
809.357042,1000,32140.703203
810.432354,1000,32151.737683
753.214663,1000,32162.939661
629.460467,1000,32174.280803
784.813242,1000,32185.485687
649.074478,1000,32196.641504
416.154136,1000,32208.087484
252.17214,1000,32218.849073
523.141737,1000,32230.858613
658.924591,1000,32242.233547
788.399158,1000,32254.548966
786.489026,1000,32278.393141
812.545532,1000,32289.782825
793.291251,1000,32301.024827
253.440359,1000,32312.189089
250.935542,1000,32323.239171
235.287865,1000,32334.381679
665.530989,1000,32345.524247
182.54932,1000,32356.459936
224.500784,1000,32368.012644
185.209322,1000,32379.113422
623.548298,1000,32390.207991
794.750303,1000,32401.262055
656.341359,1000,32412.210915
799.814048,1000,32423.145468
765.803204,1000,32434.270911
780.952482,1000,32445.41915
504.639746,1000,32456.363959
531.354101,1000,32466.708971
656.562265,1000,32477.856876
792.32891,1000,32489.037837
645.2442,1000,32500.087268
184.176138,1000,32511.245947
534.218464,1000,32522.314208
653.14066,1000,32533.584971
257.464868,1000,32544.678129
797.306209,1000,32555.608684
795.113325,1000,32566.614156
771.639193,1000,32577.785301
798.994061,1000,32589.160953
766.780951,1000,32600.404063
810.79986,1000,32611.659762
826.156949,1000,32622.952137
830.520377,1000,32633.783396
838.870938,1000,32644.93494
862.020805,1000,32656.408966
843.811576,1000,32667.731977
842.593278,1000,32678.978951
824.57466,1000,32689.947449
845.480064,1000,32700.318545
850.854201,1000,32711.402149
619.646371,1000,32722.671747
672.425689,1000,32733.733303
773.983366,1000,32745.023868
799.40967,1000,32755.989684
808.435265,1000,32766.967366
808.899442,1000,32778.074214
798.944028,1000,32789.043064
698.40865,1000,32800.13679
693.901001,1000,32811.114572
785.717448,1000,32822.225805
786.034581,1000,32833.511579
788.00643,1000,32844.626296
794.854008,1000,32855.84545
796.324854,1000,32867.044208
806.428937,1000,32878.107533
800.417254,1000,32889.101646
801.156189,1000,32899.976854
207.423596,1000,32911.041024
443.751682,1000,32921.879983
809.685042,1000,32932.917493
450.69529,1000,32943.302787
806.634096,1000,32954.20114
638.737851,1000,32965.320019
806.990199,1000,32976.571735
682.765016,1000,32987.735578
692.126,1000,32999.243971
720.483814,1000,33010.5196
702.224592,1000,33022.132168
651.403433,1000,33033.710801
675.725507,1000,33044.850362
695.383264,1000,33056.407117
720.102632,1000,33068.903386
692.831821,1000,33080.629799
287.315477,1000,33092.159967
787.691805,1000,33103.79798
772.574142,1000,33116.685868
659.049608,1000,33127.825164
698.725984,1000,33139.055795
687.443884,1000,33149.895891
677.719349,1000,33160.989407
794.526217,1000,33172.117652
778.442512,1000,33182.430713
801.076371,1000,33193.505034
241.898723,1000,33204.768338
786.518728,1000,33215.982112
208.166267,1000,33227.363139
782.42232,1000,33238.676527
607.007877,1000,33250.153389
765.044336,1000,33262.181307
459.527015,1000,33274.166664
209.71676,1000,33287.648932
573.138162,1000,33301.346482
798.604095,1000,33312.28171
762.786522,1000,33323.547745
337.824919,1000,33334.591538
767.233655,1000,33345.692838
274.876399,1000,33356.897724
210.587288,1000,33368.177581
493.856056,1000,33379.596734
799.729135,1000,33390.830401
803.836896,1000,33402.095905
710.215379,1000,33413.043775
696.651641,1000,33423.310538
779.737734,1000,33443.529903
794.450315,1000,33455.111359
702.296708,1000,33466.588201
709.712775,1000,33477.829827
427.22861,1000,33489.218547
501.392526,1000,33500.759078
610.380586,1000,33512.078103
525.246198,1000,33524.38992
516.900037,1000,33536.29748
372.844894,1000,33548.528189
502.057758,1000,33560.712707
608.332925,1000,33572.629048
524.904015,1000,33584.125882
531.740181,1000,33596.100411
514.283142,1000,33608.295757
624.293238,1000,33619.820471
524.358895,1000,33631.119292
609.315268,1000,33643.76713
526.098235,1000,33657.737814
692.574398,1000,33670.583568
614.767347,1000,33682.488238
709.31283,1000,33693.843736
591.242863,1000,33705.317891
614.76141,1000,33716.816226
719.345349,1000,33728.287789
624.203813,1000,33739.662799
620.568982,1000,33751.134621
707.043111,1000,33763.085657
614.670189,1000,33774.391949
716.573385,1000,33785.783848
712.797458,1000,33797.132882
710.882583,1000,33808.722444
687.224082,1000,33819.901306
162.922863,1000,33831.747551
157.376486,1000,33844.809638
162.910255,1000,33858.720196
173.168133,1000,33871.346209
186.608053,1000,33882.487616
174.279174,1000,33893.542888
206.707754,1000,33904.658135
167.527304,1000,33915.827408
154.396327,1000,33926.939585
154.369964,1000,33937.355634
165.415599,1000,33948.713
193.568336,1000,33959.868414
222.207735,1000,33970.927638
558.795984,1000,33982.020275
281.481087,1000,33993.268713
672.010864,1000,34004.657778
689.915068,1000,34016.025065
189.687731,1000,34027.367049
361.077319,1000,34038.596757
384.771226,1000,34049.932246
190.290935,1000,34061.430948
172.433366,1000,34072.654402
192.276859,1000,34083.879118
230.3491,1000,34095.214663
162.18414,1000,34106.645645
696.468761,1000,34117.862571
192.638981,1000,34128.949344
187.304126,1000,34140.089618
162.442548,1000,34151.479328
697.034772,1000,34162.903482
695.481511,1000,34173.588829
156.129054,1000,34184.872924
814.105171,1000,34196.555207
799.445656,1000,34207.750714
790.840106,1000,34219.060291
817.742106,1000,34230.200214
815.965531,1000,34241.286468
814.929703,1000,34252.360222
806.566455,1000,34263.392669
810.467056,1000,34274.616765
805.522089,1000,34285.867923
803.993737,1000,34297.16299
811.532457,1000,34308.507924
806.247845,1000,34319.761489
808.905459,1000,34330.981805
806.207467,1000,34342.301381
702.449935,1000,34353.560256
609.431274,1000,34364.611392
581.075057,1000,34375.753147
611.976243,1000,34386.919077
705.694844,1000,34398.145898
812.469719,1000,34409.477237
715.968023,1000,34420.03378
717.000732,1000,34431.283886
719.581411,1000,34442.345016
801.514334,1000,34453.717237
720.72871,1000,34465.019874
813.147984,1000,34476.003619
698.961536,1000,34486.987477
717.894258,1000,34498.093955
790.824919,1000,34509.367846
808.191812,1000,34520.49561
811.0509,1000,34531.571234
802.145915,1000,34542.870971
794.240858,1000,34554.142986
702.271243,1000,34565.601052
712.103292,1000,34576.844062
720.842953,1000,34588.067067
695.8803,1000,34599.34421
718.068008,1000,34620.057568
726.852587,1000,34631.143132
703.577561,1000,34642.10842
715.116623,1000,34653.043926
705.742595,1000,34663.370012
695.279467,1000,34674.419667
641.002992,1000,34685.382738
636.38545,1000,34696.450359
720.424922,1000,34707.740384
718.07858,1000,34718.817793
717.814735,1000,34730.028702
805.903022,1000,34741.361364
802.755828,1000,34752.568618
318.868131,1000,34764.279303
695.912711,1000,34775.848481
782.395651,1000,34787.036048
746.882782,1000,34798.253057
802.773895,1000,34810.279798
782.819533,1000,34821.49749
779.169333,1000,34832.387208
775.06097,1000,34844.435572
718.858997,1000,34857.786717
638.580827,1000,34869.575337
689.028784,1000,34882.581695
723.739079,1000,34894.083525
686.519324,1000,34904.716941
706.867581,1000,34916.000137
726.67774,1000,34927.210741
726.578173,1000,34938.649771
805.710758,1000,34949.820119
732.191941,1000,34960.957906
731.627591,1000,34972.13007
706.380373,1000,34983.35912
724.064213,1000,34994.613726
731.899858,1000,35005.723202
729.617009,1000,35017.132574
724.433246,1000,35028.389703
700.984424,1000,35039.594953
715.057636,1000,35051.119345
698.48466,1000,35062.24884
721.988886,1000,35073.585677
721.077297,1000,35085.51442
729.061258,1000,35097.877068
723.689785,1000,35110.831573
730.912023,1000,35122.28394
779.497499,1000,35133.266293
810.793233,1000,35144.224057
706.370029,1000,35154.68957
808.780751,1000,35165.822534
807.784562,1000,35176.902751
802.357636,1000,35188.017861
802.236652,1000,35200.55305
811.312932,1000,35212.272532
803.419808,1000,35224.674117
813.436482,1000,35236.458663
814.381403,1000,35248.412337
814.891386,1000,35260.196387
733.84007,1000,35271.920048
793.674911,1000,35283.570561
797.951363,1000,35295.372157
722.432626,1000,35306.967174
813.20285,1000,35318.221481
818.003247,1000,35329.363338
816.668027,1000,35340.792502
210.618935,1000,35354.04466
207.346652,1000,35365.690598
206.501703,1000,35376.687465
237.820689,1000,35387.77592
799.336285,1000,35398.230551
801.736181,1000,35409.887547
770.042376,1000,35421.721438
